year,name,geo_id,total_population,white,black,hispanic,asian,american_indian,pacific_islander,other_race,median_age,total_households,owner_occupied_homes_median_value,per_capita_income,median_household_income,below_poverty_line,foreign_born_population,state,congressional_district
2015,"Congressional District 1 (114th Congress), Alabama",50000US0101,706302,459077,198856,21301,8928,7576,0,2145,39.4,256397,133500,44535,44535,120340,18692,01,01
2015,"Congressional District 2 (114th Congress), Alabama",50000US0102,686622,427396,216982,20532,6608,1696,303,382,38,258887,123900,42395,42395,131410,19168,01,02
2015,"Congressional District 3 (114th Congress), Alabama",50000US0103,703986,479091,176836,21104,10658,1627,92,295,38.5,268218,124700,42171,42171,134247,21649,01,03
2015,"Congressional District 4 (114th Congress), Alabama",50000US0104,684685,574436,48879,43398,2811,2623,713,274,40.5,260023,109800,39608,39608,133258,26110,01,04
2015,"Congressional District 5 (114th Congress), Alabama",50000US0105,708972,516031,123324,35846,11638,3320,315,1177,39.8,279670,151300,51531,51531,104900,31730,01,05
2015,"Congressional District 6 (114th Congress), Alabama",50000US0106,700691,538323,108578,29320,13495,1348,140,156,38.5,265880,179000,61524,61524,70679,32774,01,06
2015,"Congressional District 7 (114th Congress), Alabama",50000US0107,667721,209722,423226,21369,4780,879,1003,1161,36,257315,98700,33928,33928,181182,19849,01,07
2015,"Congressional District (at Large) (114th Congress), Alaska",50000US0200,738432,452472,24739,51825,45753,98300,6341,2201,33.3,250185,259600,73355,73355,74532,58544,02,00
2015,"Congressional District 1 (114th Congress), Arizona",50000US0401,759663,367186,17414,173716,12557,172010,740,705,36.6,246360,161900,48892,48892,150843,51132,04,01
2015,"Congressional District 2 (114th Congress), Arizona",50000US0402,713631,442634,28137,198714,21173,4082,1369,1557,41.7,300061,170200,48095,48095,110627,82404,04,02
2015,"Congressional District 3 (114th Congress), Arizona",50000US0403,761488,221280,34009,456969,12041,25450,510,430,31.1,236952,133700,42953,42953,171955,158481,04,03
2015,"Congressional District 4 (114th Congress), Arizona",50000US0404,739374,558619,11222,133985,7539,11107,295,722,47.9,291983,167800,46467,46467,100361,55749,04,04
2015,"Congressional District 5 (114th Congress), Arizona",50000US0405,789400,557501,24841,135888,40044,10090,2266,720,38.6,275268,249800,69784,69784,67870,80505,04,05
2015,"Congressional District 6 (114th Congress), Arizona",50000US0406,749808,523591,22276,136609,37055,11536,516,1062,42.2,303376,323900,63495,63495,97857,104556,04,06
2015,"Congressional District 7 (114th Congress), Arizona",50000US0407,769597,165079,73799,483297,16438,18393,1540,605,29.9,229608,132500,35243,35243,247030,190802,04,07
2015,"Congressional District 8 (114th Congress), Arizona",50000US0408,767981,530605,34660,151171,26397,4687,1358,767,41.7,276097,214500,60858,60858,68273,77086,04,08
2015,"Congressional District 9 (114th Congress), Arizona",50000US0409,777123,435768,36360,228062,37678,18777,1369,383,33.3,303303,240100,51435,51435,144227,113685,04,09
2015,"Congressional District 1 (114th Congress), Arkansas",50000US0501,722402,549920,131086,22144,3594,2855,345,485,40,280712,102600,36882,36882,141840,11673,05,01
2015,"Congressional District 2 (114th Congress), Arkansas",50000US0502,761348,522627,170813,38273,12693,2558,174,1287,36.5,293408,144800,47118,47118,132826,32168,05,02
2015,"Congressional District 3 (114th Congress), Arkansas",50000US0503,782717,590908,25783,107386,21434,8474,7022,766,35.1,293570,144200,46740,46740,126522,76086,05,03
2015,"Congressional District 4 (114th Congress), Arkansas",50000US0504,711737,511479,138804,39940,4211,4334,10,1288,41.2,276973,93600,37728,37728,149320,22914,05,04
2015,"Congressional District 1 (114th Congress), California",50000US0601,710344,549013,9826,93326,21051,12150,979,464,42.4,275121,255200,46091,46091,132763,44969,06,01
2015,"Congressional District 2 (114th Congress), California",50000US0602,720346,510969,10985,127669,28491,12406,528,3594,43.5,284074,560800,65414,65414,87532,93092,06,02
2015,"Congressional District 3 (114th Congress), California",50000US0603,731775,346918,44574,219724,78842,4442,2564,1041,34.7,243040,301100,57401,57401,121983,137110,06,03
2015,"Congressional District 4 (114th Congress), California",50000US0604,722313,550151,11484,95371,34283,4171,1281,317,44.9,270416,374800,70582,70582,67639,64754,06,04
2015,"Congressional District 5 (114th Congress), California",50000US0605,733412,363984,42059,204335,84593,2371,3238,3443,39.8,266275,437200,67197,67197,84206,155836,06,05
2015,"Congressional District 6 (114th Congress), California",50000US0606,750843,274434,89216,221525,113490,2857,9148,3675,33.9,269672,266600,49523,49523,154807,176675,06,06
2015,"Congressional District 7 (114th Congress), California",50000US0607,739069,403435,54034,117592,118280,1941,7354,690,38.5,261331,333600,70131,70131,92224,134669,06,07
2015,"Congressional District 8 (114th Congress), California",50000US0608,716399,330270,54652,281062,20492,6384,2249,1134,34.1,234636,201900,46468,46468,151851,97424,06,08
2015,"Congressional District 9 (114th Congress), California",50000US0609,746779,262632,64806,280689,104780,1337,3850,1347,34.4,231471,298900,57509,57509,121314,167766,06,09
2015,"Congressional District 10 (114th Congress), California",50000US0610,739784,317622,22527,316229,50618,2871,4893,693,34.7,232423,272500,56368,56368,128416,155946,06,10
2015,"Congressional District 11 (114th Congress), California",50000US0611,752786,347051,62274,204980,103444,1801,3202,2677,39.8,272027,580000,79622,79622,83921,198436,06,11
2015,"Congressional District 12 (114th Congress), California",50000US0612,749688,324571,38543,111924,241651,1101,2945,2085,38.3,322938,952800,93122,93122,88207,251104,06,12
2015,"Congressional District 13 (114th Congress), California",50000US0613,755776,264278,127178,169200,152029,2574,3328,2982,36.8,290264,638700,66046,66046,121544,203846,06,13
2015,"Congressional District 14 (114th Congress), California",50000US0614,757062,258060,21168,184164,252145,982,10020,2461,39.5,253897,863400,98129,98129,71013,286689,06,14
2015,"Congressional District 15 (114th Congress), California",50000US0615,771800,251295,45359,171040,258588,2071,8667,699,37.9,245957,669000,100634,100634,55861,265023,06,15
2015,"Congressional District 16 (114th Congress), California",50000US0616,740625,165221,35730,447635,70753,4171,1675,731,30,210503,182700,39211,39211,221505,189673,06,16
2015,"Congressional District 17 (114th Congress), California",50000US0617,760444,187739,18171,123131,401361,1456,6288,1196,36.8,252032,816100,111024,111024,50994,365227,06,17
2015,"Congressional District 18 (114th Congress), California",50000US0618,738774,406785,12715,117774,167720,790,984,2256,39.6,270411,1139900,120089,120089,51389,212942,06,18
2015,"Congressional District 19 (114th Congress), California",50000US0619,765143,192674,21438,316342,204996,1430,2412,2454,36.8,230476,657500,85536,85536,73782,274054,06,19
2015,"Congressional District 20 (114th Congress), California",50000US0620,733752,270159,11805,388510,37037,1967,2069,1058,34.4,223401,495300,61507,61507,107865,198527,06,20
2015,"Congressional District 21 (114th Congress), California",50000US0621,716371,121487,26200,535377,21187,3579,1013,159,29.6,186898,163300,37970,37970,204517,212051,06,21
2015,"Congressional District 22 (114th Congress), California",50000US0622,741313,297229,24444,346341,53536,2601,620,868,32.8,242617,232600,53886,53886,146164,128148,06,22
2015,"Congressional District 23 (114th Congress), California",50000US0623,738690,347862,49665,278191,38237,2856,1195,614,33.3,238176,227700,59341,59341,126786,99472,06,23
2015,"Congressional District 24 (114th Congress), California",50000US0624,736757,403071,13859,264994,34040,3190,1483,336,35.8,253465,524700,63199,63199,108497,131302,06,24
2015,"Congressional District 25 (114th Congress), California",50000US0625,720316,308131,57559,268191,64591,1541,259,1331,36,219870,413100,75732,75732,87089,150616,06,25
2015,"Congressional District 26 (114th Congress), California",50000US0626,725084,316289,12377,326195,50358,1789,1457,1307,37.3,229575,532300,77744,77744,73290,175270,06,26
2015,"Congressional District 27 (114th Congress), California",50000US0627,733239,193775,33402,204933,277870,1371,1520,2611,41.4,242888,654300,71343,71343,93994,287247,06,27
2015,"Congressional District 28 (114th Congress), California",50000US0628,714897,401642,20873,173304,94546,1038,843,3311,39.5,293554,720400,61405,61405,98526,284340,06,28
2015,"Congressional District 29 (114th Congress), California",50000US0629,720532,132879,27098,495946,54581,597,466,1395,33.8,207550,412800,47608,47608,150982,308949,06,29
2015,"Congressional District 30 (114th Congress), California",50000US0630,771108,384583,32445,223047,101169,1474,927,4934,38.6,276708,614100,75853,75853,81092,263101,06,30
2015,"Congressional District 31 (114th Congress), California",50000US0631,738482,200431,75509,382284,57817,1956,3788,1573,32.3,221071,313000,54453,54453,139720,164599,06,31
2015,"Congressional District 32 (114th Congress), California",50000US0632,732927,119337,12697,464333,123041,1423,1195,1271,36.6,197553,422000,61756,61756,93969,256334,06,32
2015,"Congressional District 33 (114th Congress), California",50000US0633,718273,458115,25889,93500,101244,1120,3229,3196,40.8,295234,1063700,97074,97074,62725,167834,06,33
2015,"Congressional District 34 (114th Congress), California",50000US0634,735150,75521,33485,471669,141387,1530,693,1305,34.2,245781,501900,38326,38326,190707,336947,06,34
2015,"Congressional District 35 (114th Congress), California",50000US0635,739819,96384,43913,529021,51580,1531,920,1296,31.6,188052,323700,56215,56215,124129,225168,06,35
2015,"Congressional District 36 (114th Congress), California",50000US0636,750645,301450,33339,374173,23210,4499,1291,765,39.6,261393,244000,46471,46471,153152,166051,06,36
2015,"Congressional District 37 (114th Congress), California",50000US0637,722781,182414,168770,275177,70178,842,1268,3067,35.2,274696,620700,51114,51114,138528,232236,06,37
2015,"Congressional District 38 (114th Congress), California",50000US0638,725433,118992,26656,453285,110743,2252,1661,1962,36.9,208115,450500,62697,62697,78750,224888,06,38
2015,"Congressional District 39 (114th Congress), California",50000US0639,731324,219155,12369,255413,225540,1828,638,564,39.2,229743,611300,81183,81183,68886,244518,06,39
2015,"Congressional District 40 (114th Congress), California",50000US0640,721037,35342,32337,631742,17822,802,483,606,30.8,178570,388100,42497,42497,171497,297224,06,40
2015,"Congressional District 41 (114th Congress), California",50000US0641,745630,186793,67628,432292,37912,1981,2690,513,30.9,196677,287000,58592,58592,126662,182256,06,41
2015,"Congressional District 42 (114th Congress), California",50000US0642,772860,330400,37852,294532,77349,2689,1918,628,35.8,229332,374400,72536,72536,91265,160110,06,42
2015,"Congressional District 43 (114th Congress), California",50000US0643,744444,100255,165932,359607,93356,807,3597,2905,34.7,235120,447400,50885,50885,152651,230671,06,43
2015,"Congressional District 44 (114th Congress), California",50000US0644,712204,48223,105283,494460,46835,2412,6332,1099,32.3,186730,352900,49037,49037,149186,243811,06,44
2015,"Congressional District 45 (114th Congress), California",50000US0645,771550,396183,16640,137862,188229,317,741,1424,39.5,269949,667600,93374,93374,79157,233503,06,45
2015,"Congressional District 46 (114th Congress), California",50000US0646,738410,129518,13198,496783,87740,994,2226,1207,31.7,184493,453300,57583,57583,131809,305696,06,46
2015,"Congressional District 47 (114th Congress), California",50000US0647,718339,219737,49123,260614,157562,4456,6491,1084,37.1,245709,515800,59744,59744,121110,222739,06,47
2015,"Congressional District 48 (114th Congress), California",50000US0648,724082,407795,8755,146880,131488,2419,2878,2304,42,266822,705300,83001,83001,76228,182787,06,48
2015,"Congressional District 49 (114th Congress), California",50000US0649,735828,452393,18380,189640,50002,1860,2355,1767,37.8,254731,650700,81611,81611,70558,127421,06,49
2015,"Congressional District 50 (114th Congress), California",50000US0650,753486,418673,17127,236904,45890,5825,2864,2849,36.9,243200,431000,66103,66103,89867,151481,06,50
2015,"Congressional District 51 (114th Congress), California",50000US0651,724812,94625,40629,511457,63094,2792,1424,151,32.5,198884,296300,41085,41085,171748,256072,06,51
2015,"Congressional District 52 (114th Congress), California",50000US0652,755498,434224,20832,118641,143186,741,3010,1349,36.3,282286,640200,84479,84479,72921,186870,06,52
2015,"Congressional District 53 (114th Congress), California",50000US0653,776583,304953,70035,265535,96994,1481,4259,3065,35,270550,461600,66917,66917,96700,174862,06,53
2015,"Congressional District 1 (114th Congress), Colorado",50000US0801,803636,462987,64797,221983,26488,3792,435,2120,34.7,336813,317600,60576,60576,115077,120660,08,01
2015,"Congressional District 2 (114th Congress), Colorado",50000US0802,782278,645373,6469,82149,26833,2081,966,1434,37.3,306176,361600,72468,72468,81721,57116,08,02
2015,"Congressional District 3 (114th Congress), Colorado",50000US0803,737812,520700,7008,181423,4674,9484,1720,1507,39,284041,213700,50010,50010,110554,44945,08,03
2015,"Congressional District 4 (114th Congress), Colorado",50000US0804,787940,570070,9494,172040,15765,3165,549,1414,36.9,284522,279400,72390,72390,74070,64375,08,04
2015,"Congressional District 5 (114th Congress), Colorado",50000US0805,770782,549927,44629,121565,19789,2666,2813,2542,35.3,289241,231600,58882,58882,79639,52140,08,05
2015,"Congressional District 6 (114th Congress), Colorado",50000US0806,796156,492279,67416,163880,40091,1888,1733,3283,36.3,283137,310800,74430,74430,65778,113421,08,06
2015,"Congressional District 7 (114th Congress), Colorado",50000US0807,777970,495907,13576,221238,24944,3163,283,1600,36.1,290805,277900,62330,62330,86710,84409,08,07
2015,"Congressional District 1 (114th Congress), Connecticut",50000US0901,711436,442160,105697,112282,34184,950,0,2414,41,278568,234500,69959,69959,74486,114085,09,01
2015,"Congressional District 2 (114th Congress), Connecticut",50000US0902,709647,576560,26814,61621,22925,1640,46,497,41.4,269220,245200,71670,71670,60139,48753,09,02
2015,"Congressional District 3 (114th Congress), Connecticut",50000US0903,720493,465302,91765,115273,32797,1101,70,661,39,269917,249000,63315,63315,88203,94317,09,03
2015,"Congressional District 4 (114th Congress), Connecticut",50000US0904,736742,450685,86824,142700,39198,153,154,2199,39.7,257674,489400,89085,89085,65315,162886,09,04
2015,"Congressional District 5 (114th Congress), Connecticut",50000US0905,712568,505089,44369,121907,26506,391,198,3604,41.8,268324,266800,68810,68810,78766,99607,09,05
2015,"Congressional District (at Large) (114th Congress), Delaware",50000US1000,945934,596375,200433,85306,35950,2397,265,3242,39.7,352595,240200,61255,61255,114360,87509,10,00
2015,"Delegate District (at Large) (114th Congress), District of Columbia",50000US1198,672228,241855,312914,71129,25633,959,367,2976,33.8,281787,551300,75628,75628,110500,95117,11,98
2015,"Congressional District 1 (114th Congress), Florida",50000US1201,750928,551659,96488,47409,16725,2007,562,865,38.5,284944,158500,51094,51094,92170,39042,12,01
2015,"Congressional District 2 (114th Congress), Florida",50000US1202,718173,463685,177676,42242,14280,2350,664,956,36.5,263789,150600,44216,44216,135062,40026,12,02
2015,"Congressional District 3 (114th Congress), Florida",50000US1203,721105,520528,97631,60956,23695,1781,476,1001,37.9,256401,144100,49270,49270,126282,52008,12,03
2015,"Congressional District 4 (114th Congress), Florida",50000US1204,740304,512604,108092,62312,35057,799,175,726,38.1,281685,174600,57040,57040,75198,71984,12,04
2015,"Congressional District 5 (114th Congress), Florida",50000US1205,743735,234560,364560,106320,17826,2065,946,2055,34.1,264825,104500,35116,35116,177190,99383,12,05
2015,"Congressional District 6 (114th Congress), Florida",50000US1206,755981,595298,70003,59083,16856,2234,477,906,46.9,299860,180900,47713,47713,113061,57621,12,06
2015,"Congressional District 7 (114th Congress), Florida",50000US1207,738367,465382,68679,157720,26235,977,613,3715,38.7,266444,180600,54667,54667,88486,85590,12,07
2015,"Congressional District 8 (114th Congress), Florida",50000US1208,730746,552546,69424,73943,15233,2062,995,773,48.3,287064,161500,50070,50070,94476,62992,12,08
2015,"Congressional District 9 (114th Congress), Florida",50000US1209,819676,281847,86146,399489,33039,259,340,5668,35.5,264789,166400,47075,47075,142852,173116,12,09
2015,"Congressional District 10 (114th Congress), Florida",50000US1210,788192,481528,95995,152056,34088,1483,575,5818,39.9,296949,177800,53473,53473,101830,114108,12,10
2015,"Congressional District 11 (114th Congress), Florida",50000US1211,740907,585559,57808,73411,10560,1261,138,1720,53.5,294002,139300,42548,42548,113130,47259,12,11
2015,"Congressional District 12 (114th Congress), Florida",50000US1212,747779,570895,35708,102132,21078,2216,489,1645,45,290195,171000,51402,51402,90934,78122,12,12
2015,"Congressional District 13 (114th Congress), Florida",50000US1213,716429,560525,37618,72211,27468,1675,774,1716,48.3,307481,165400,47579,47579,94072,93566,12,13
2015,"Congressional District 14 (114th Congress), Florida",50000US1214,765377,305644,192188,226600,18476,1389,584,3140,36.1,297271,157900,42654,42654,153447,133953,12,14
2015,"Congressional District 15 (114th Congress), Florida",50000US1215,728456,454893,91286,131023,32693,901,330,717,37.7,259029,164200,51598,51598,103737,87670,12,15
2015,"Congressional District 16 (114th Congress), Florida",50000US1216,764808,595625,52159,93612,12846,522,70,378,51.9,311188,207500,53624,53624,89085,91244,12,16
2015,"Congressional District 17 (114th Congress), Florida",50000US1217,747648,520681,70537,131621,9324,1739,156,893,47.8,275425,139600,44088,44088,114464,87072,12,17
2015,"Congressional District 18 (114th Congress), Florida",50000US1218,748028,508435,96324,111507,19400,1706,42,952,46.9,289741,214200,55117,55117,90116,116162,12,18
2015,"Congressional District 19 (114th Congress), Florida",50000US1219,774346,534899,59504,156774,12349,417,0,1121,50.3,303535,232900,53878,53878,114797,133848,12,19
2015,"Congressional District 20 (114th Congress), Florida",50000US1220,767766,163076,404385,167711,14575,1115,108,3698,36.8,249312,139300,39569,39569,170534,267483,12,20
2015,"Congressional District 21 (114th Congress), Florida",50000US1221,758192,437082,100047,178409,22412,1213,118,6220,43.7,279199,249100,61409,61409,73002,194200,12,21
2015,"Congressional District 22 (114th Congress), Florida",50000US1222,730302,445494,80399,172140,16343,580,394,2236,46.1,311737,281900,56090,56090,96487,189954,12,22
2015,"Congressional District 23 (114th Congress), Florida",50000US1223,734951,319246,80055,291960,28906,1266,540,2694,41.7,279979,278900,56643,56643,87091,284322,12,23
2015,"Congressional District 24 (114th Congress), Florida",50000US1224,745862,88230,392155,241764,13993,123,0,2062,36.5,243955,179100,38016,38016,176502,304032,12,24
2015,"Congressional District 25 (114th Congress), Florida",50000US1225,765164,161872,38212,542757,15705,917,25,1884,40.7,230199,239200,50118,50118,141638,397723,12,25
2015,"Congressional District 26 (114th Congress), Florida",50000US1226,776959,144948,71134,541186,13476,360,0,1457,39.8,221403,270200,52112,52112,117865,369247,12,26
2015,"Congressional District 27 (114th Congress), Florida",50000US1227,751091,113746,51402,566557,11751,242,25,2397,41.1,252783,302200,42237,42237,143378,414513,12,27
2015,"Congressional District 1 (114th Congress), Georgia",50000US1301,724348,430591,210221,44890,14610,3215,749,1614,35.7,270110,147200,45796,45796,134365,36853,13,01
2015,"Congressional District 2 (114th Congress), Georgia",50000US1302,683888,272671,356532,35412,6816,1280,672,541,36.2,249232,99200,35347,35347,178990,22933,13,02
2015,"Congressional District 3 (114th Congress), Georgia",50000US1303,723259,481530,173346,38910,11638,969,53,1830,37.8,258762,163200,52584,52584,105843,36832,13,03
2015,"Congressional District 4 (114th Congress), Georgia",50000US1304,746519,183608,437903,72162,36149,565,0,3519,35.5,257062,142200,50668,50668,134374,124238,13,04
2015,"Congressional District 5 (114th Congress), Georgia",50000US1305,736978,216234,423800,46424,33654,1331,217,3278,33.7,299161,169900,48017,48017,148879,63715,13,05
2015,"Congressional District 6 (114th Congress), Georgia",50000US1306,729643,441308,91353,96154,80192,3093,116,3782,37.6,272191,339200,83844,83844,62661,155313,13,06
2015,"Congressional District 7 (114th Congress), Georgia",50000US1307,804318,366915,161014,147215,104266,916,625,3171,35.1,256992,217800,69201,69201,84991,202957,13,07
2015,"Congressional District 8 (114th Congress), Georgia",50000US1308,702584,423837,205572,46687,12239,911,41,1792,36.8,253727,115700,42582,42582,146954,32124,13,08
2015,"Congressional District 9 (114th Congress), Georgia",50000US1309,719802,554538,52891,90244,9094,1427,532,2069,40.9,257730,166100,48837,48837,114745,60634,13,09
2015,"Congressional District 10 (114th Congress), Georgia",50000US1310,726265,473231,186165,39450,12261,908,39,1558,36.4,252039,158100,49033,49033,129342,39231,13,10
2015,"Congressional District 11 (114th Congress), Georgia",50000US1311,744746,503594,116894,77919,27387,972,396,2493,36.6,275721,220200,69662,69662,74550,92760,13,11
2015,"Congressional District 12 (114th Congress), Georgia",50000US1312,713146,394350,248923,44408,9875,845,0,2514,35.2,246405,110500,42336,42336,148012,27127,13,12
2015,"Congressional District 13 (114th Congress), Georgia",50000US1313,755256,200482,434464,90311,17980,153,2,1215,35.6,258487,134900,52761,52761,127160,83847,13,13
2015,"Congressional District 14 (114th Congress), Georgia",50000US1314,704108,539822,60776,79907,7833,1142,133,2057,37.4,248788,130400,46378,46378,104122,45153,13,14
2015,"Congressional District 1 (114th Congress), Hawaii",50000US1501,705773,118369,16231,59345,340784,508,47960,923,38.6,228751,626500,77156,77156,57898,161051,15,01
2015,"Congressional District 2 (114th Congress), Hawaii",50000US1502,725830,207783,11299,89360,176635,1731,77492,771,36.9,217185,502100,70420,70420,90086,92363,15,02
2015,"Congressional District 1 (114th Congress), Idaho",50000US1601,849601,714522,3730,89572,8421,10322,1111,195,37.9,313548,185300,48216,48216,122380,40083,16,01
2015,"Congressional District 2 (114th Congress), Idaho",50000US1602,805329,652512,5098,110268,11994,8515,564,273,33.7,283873,167300,48363,48363,123171,54281,16,02
2015,"Congressional District 1 (114th Congress), Illinois",50000US1701,717447,255718,363186,70992,12425,981,153,1368,38,265639,179300,48295,48295,132020,56655,17,01
2015,"Congressional District 2 (114th Congress), Illinois",50000US1702,702674,200179,393793,93159,5254,361,0,1312,38.3,256770,121900,44353,44353,138488,53180,17,02
2015,"Congressional District 3 (114th Congress), Illinois",50000US1703,727484,412835,36617,239834,29406,233,28,944,37.2,244331,213600,61772,61772,78892,150733,17,03
2015,"Congressional District 4 (114th Congress), Illinois",50000US1704,708172,154976,24609,496364,24090,764,180,1006,32.2,224870,213300,46805,46805,144479,239905,17,04
2015,"Congressional District 5 (114th Congress), Illinois",50000US1705,735985,500432,20806,149303,46171,784,82,609,35.2,300085,337500,76963,76963,66379,158768,17,05
2015,"Congressional District 6 (114th Congress), Illinois",50000US1706,726447,542050,20945,86322,63183,340,149,715,40.7,262604,311200,93474,93474,46245,111047,17,06
2015,"Congressional District 7 (114th Congress), Illinois",50000US1707,721321,202381,349860,101843,55151,983,9,716,34.3,293365,259700,51346,51346,162249,98687,17,07
2015,"Congressional District 8 (114th Congress), Illinois",50000US1708,710467,364821,31195,197735,98193,374,943,1417,37.4,248243,213800,67079,67079,58783,210271,17,08
2015,"Congressional District 9 (114th Congress), Illinois",50000US1709,722268,462579,60784,81648,96380,1015,372,1364,40.2,288843,329000,66202,66202,91759,199557,17,09
2015,"Congressional District 10 (114th Congress), Illinois",50000US1710,714251,415200,49871,160421,73770,380,8,1533,37.9,246829,263000,77031,77031,71051,170827,17,10
2015,"Congressional District 11 (114th Congress), Illinois",50000US1711,729611,383318,79176,198190,54296,640,74,785,35.3,243200,197600,67065,67065,83107,146493,17,11
2015,"Congressional District 12 (114th Congress), Illinois",50000US1712,699369,532978,118805,23119,8126,1352,162,829,39.1,272726,101300,46803,46803,111504,18908,17,12
2015,"Congressional District 13 (114th Congress), Illinois",50000US1713,706596,556094,78683,21633,28225,952,500,1311,36.5,283286,122000,50211,50211,123413,35934,17,13
2015,"Congressional District 14 (114th Congress), Illinois",50000US1714,728436,579442,21875,82290,34281,174,147,533,39.1,252094,242400,86050,86050,45467,65564,17,14
2015,"Congressional District 15 (114th Congress), Illinois",50000US1715,703653,640158,31716,19414,4294,769,123,218,39.9,275717,98800,49136,49136,91746,11716,17,15
2015,"Congressional District 16 (114th Congress), Illinois",50000US1716,701275,584431,27593,66569,9544,1362,83,1548,40.2,273120,135800,56180,56180,84353,37686,17,16
2015,"Congressional District 17 (114th Congress), Illinois",50000US1717,691375,524001,79828,63485,8857,811,81,508,40.1,280510,99000,45731,45731,106780,34894,17,17
2015,"Congressional District 18 (114th Congress), Illinois",50000US1718,713164,636838,24105,19667,17949,807,97,1148,39.9,282291,145300,61544,61544,66543,25331,17,18
2015,"Congressional District 1 (114th Congress), Indiana",50000US1801,716495,450837,130509,108243,9844,828,583,1140,38.7,271870,147100,52256,52256,110145,43588,18,01
2015,"Congressional District 2 (114th Congress), Indiana",50000US1802,725415,580675,48504,68410,10849,1900,343,852,37.5,264570,122000,48654,48654,104228,38580,18,02
2015,"Congressional District 3 (114th Congress), Indiana",50000US1803,735864,613290,42177,44568,14260,2226,769,158,36.8,279150,123600,50690,50690,87850,31240,18,03
2015,"Congressional District 4 (114th Congress), Indiana",50000US1804,747601,640033,26520,44946,21269,1862,85,762,36.3,282271,130700,54897,54897,87583,44137,18,04
2015,"Congressional District 5 (114th Congress), Indiana",50000US1805,760212,618067,63229,33634,24571,467,63,609,37.9,296073,179000,65165,65165,68490,39521,18,05
2015,"Congressional District 6 (114th Congress), Indiana",50000US1806,721380,661955,18783,17612,10112,1694,421,595,40.4,276681,122000,50588,50588,98300,16014,18,06
2015,"Congressional District 7 (114th Congress), Indiana",50000US1807,749776,406883,216631,80974,22448,2322,0,1487,33.4,284356,107400,37939,37939,174070,67328,18,07
2015,"Congressional District 8 (114th Congress), Indiana",50000US1808,720955,653629,28826,16027,6896,1201,0,389,39.6,280116,112600,47134,47134,105880,14827,18,08
2015,"Congressional District 9 (114th Congress), Indiana",50000US1809,741982,663513,21096,24680,17143,1575,50,1012,37.3,280056,141100,52041,52041,96635,26073,18,09
2015,"Congressional District 1 (114th Congress), Iowa",50000US1901,771888,686402,28499,28650,10272,2441,1294,1070,38.9,308341,141700,55645,55645,82315,25132,19,01
2015,"Congressional District 2 (114th Congress), Iowa",50000US1902,778329,668746,30867,42462,18050,868,435,1994,38.1,310109,132300,52166,52166,102103,36668,19,02
2015,"Congressional District 3 (114th Congress), Iowa",50000US1903,812464,683018,32698,54484,24442,1997,884,216,36.7,319597,154200,59433,59433,90504,53409,19,03
2015,"Congressional District 4 (114th Congress), Iowa",50000US1904,761218,672311,12284,48722,15370,3513,408,7,38.9,309202,113500,51259,51259,92492,33512,19,04
2015,"Congressional District 1 (114th Congress), Kansas",50000US2001,715330,549876,20796,112958,12362,3626,919,691,35.3,274819,110200,48559,48559,93868,59352,20,01
2015,"Congressional District 2 (114th Congress), Kansas",50000US2002,715752,590642,30698,47616,11459,10007,61,400,37.1,275064,126400,50087,50087,110008,22827,20,02
2015,"Congressional District 3 (114th Congress), Kansas",50000US2003,755396,547130,63876,88598,34175,1642,126,85,36.5,285639,202200,71742,71742,66086,74042,20,03
2015,"Congressional District 4 (114th Congress), Kansas",50000US2004,725163,536011,52923,87149,24816,5933,274,296,36.1,276060,123000,51427,51427,98917,49499,20,04
2015,"Congressional District 1 (114th Congress), Kentucky",50000US2101,723466,634021,51734,19363,3409,1429,607,500,40.1,277984,105800,40358,40358,129351,13412,21,01
2015,"Congressional District 2 (114th Congress), Kentucky",50000US2102,747645,652961,41385,23266,10428,1768,946,866,38.5,285680,132500,46401,46401,118097,24668,21,02
2015,"Congressional District 3 (114th Congress), Kentucky",50000US2103,742828,507061,156545,36839,18851,1340,424,1080,38,300937,151900,50450,50450,111963,50335,21,03
2015,"Congressional District 4 (114th Congress), Kentucky",50000US2104,750449,676382,25749,25177,9385,571,158,187,38.6,275073,158100,55744,55744,98931,23369,21,04
2015,"Congressional District 5 (114th Congress), Kentucky",50000US2105,707534,679386,10512,7534,2235,1385,240,172,40.9,277933,79000,31339,31339,197179,5017,21,05
2015,"Congressional District 6 (114th Congress), Kentucky",50000US2106,753170,618309,65267,33948,15070,981,226,1030,36.9,298561,151400,49531,49531,138534,40535,21,06
2015,"Congressional District 1 (114th Congress), Louisiana",50000US2201,806140,580890,112594,70298,16405,8597,142,1789,38.1,302994,192200,54677,54677,123258,53554,22,01
2015,"Congressional District 2 (114th Congress), Louisiana",50000US2202,791393,227928,473888,49873,23989,1499,0,2024,35.6,296445,155900,37856,37856,184592,48880,22,02
2015,"Congressional District 3 (114th Congress), Louisiana",50000US2203,782417,529174,190132,29493,12491,2824,80,1785,35.7,295018,138600,46766,46766,143661,23652,22,03
2015,"Congressional District 4 (114th Congress), Louisiana",50000US2204,758913,444504,257420,28158,7546,4402,408,2232,36.5,284937,124800,40689,40689,162672,17822,22,04
2015,"Congressional District 5 (114th Congress), Louisiana",50000US2205,746021,447896,268521,16885,3113,1548,70,573,37.3,268071,110300,35321,35321,172390,10722,22,05
2015,"Congressional District 6 (114th Congress), Louisiana",50000US2206,785840,524584,189276,33871,17021,1955,187,1498,35.2,290443,182300,60440,60440,103373,31739,22,06
2015,"Congressional District 1 (114th Congress), Maine",50000US2301,672009,626135,8952,11214,9216,1961,121,299,44.5,275690,231900,59452,59452,67727,28331,23,01
2015,"Congressional District 2 (114th Congress), Maine",50000US2302,657319,617867,4902,8938,3870,6529,448,124,44.6,269536,138100,44560,44560,104893,16363,23,02
2015,"Congressional District 1 (114th Congress), Maryland",50000US2401,725499,580553,84033,27461,16105,1071,163,786,42.4,270237,273400,69824,69824,66806,37046,24,01
2015,"Congressional District 2 (114th Congress), Maryland",50000US2402,763156,387116,258806,53748,39666,2137,341,1698,36.3,281300,228100,62278,62278,86190,92713,24,02
2015,"Congressional District 3 (114th Congress), Maryland",50000US2403,758683,453320,147393,70567,59918,1311,349,3255,36.7,286542,316700,81231,81231,58359,123806,24,03
2015,"Congressional District 4 (114th Congress), Maryland",50000US2404,745629,196899,388400,115185,25861,1379,110,2067,36.8,258921,295100,78412,78412,64785,145109,24,04
2015,"Congressional District 5 (114th Congress), Maryland",50000US2405,760734,349965,281826,66011,31729,1223,289,3648,38.2,257965,303800,91820,91820,49312,90895,24,05
2015,"Congressional District 6 (114th Congress), Maryland",50000US2406,761921,450495,102141,100739,82774,684,565,2550,38.4,271377,299100,73641,73641,67912,161110,24,06
2015,"Congressional District 7 (114th Congress), Maryland",50000US2407,729001,238845,390965,24478,53184,1372,446,2164,38.3,270399,261100,59026,59026,118009,77107,24,07
2015,"Congressional District 8 (114th Congress), Maryland",50000US2408,761778,457839,90265,114074,73300,1169,132,4289,40,281193,431600,95314,95314,59403,183796,24,08
2015,"Congressional District 1 (114th Congress), Massachusetts",50000US2501,736190,535716,42631,128957,14205,1213,100,854,41,284740,210200,53918,53918,106391,57114,25,01
2015,"Congressional District 2 (114th Congress), Massachusetts",50000US2502,744886,581762,36385,69120,39097,1435,118,3893,39.1,275880,260800,62448,62448,97084,84776,25,02
2015,"Congressional District 3 (114th Congress), Massachusetts",50000US2503,754068,509562,21471,142894,65072,836,0,3248,39,268558,321900,72570,72570,83115,131171,25,03
2015,"Congressional District 4 (114th Congress), Massachusetts",50000US2504,750331,631139,20379,35802,44168,256,92,3652,40.9,273403,381100,90913,90913,50328,97597,25,04
2015,"Congressional District 5 (114th Congress), Massachusetts",50000US2505,765922,556196,35669,63359,83586,965,323,5641,39.5,291531,475900,86183,86183,57461,180644,25,05
2015,"Congressional District 6 (114th Congress), Massachusetts",50000US2506,761166,624787,23653,65669,31181,896,0,3221,42.1,282437,405200,80638,80638,63016,93842,25,06
2015,"Congressional District 7 (114th Congress), Massachusetts",50000US2507,777588,314589,190074,170301,78082,712,47,6528,31.7,290611,426500,56719,56719,137743,251668,25,07
2015,"Congressional District 8 (114th Congress), Massachusetts",50000US2508,764789,565172,68296,44948,60196,190,0,10671,39,295219,390900,79789,79789,79416,128374,25,08
2015,"Congressional District 9 (114th Congress), Massachusetts",50000US2509,739482,639675,21326,36898,13005,659,0,11640,45.6,297572,343000,63532,63532,77517,70767,25,09
2015,"Congressional District 1 (114th Congress), Michigan",50000US2601,700136,636985,11232,13902,4619,17380,386,359,46.4,289509,127400,45684,45684,93377,13068,26,01
2015,"Congressional District 2 (114th Congress), Michigan",50000US2602,731188,578546,47273,68231,15259,3095,0,1624,37,270589,138000,51681,51681,91516,42853,26,02
2015,"Congressional District 3 (114th Congress), Michigan",50000US2603,730423,580627,57289,53438,15325,2611,278,708,36.9,273074,142800,53861,53861,103751,38536,26,03
2015,"Congressional District 4 (114th Congress), Michigan",50000US2604,701635,641244,13364,22859,6620,5478,741,453,41,268340,117100,47461,47461,109496,15881,26,04
2015,"Congressional District 5 (114th Congress), Michigan",50000US2605,682716,506729,113760,32146,7143,1263,0,360,41.1,277003,91400,42390,42390,135274,16033,26,05
2015,"Congressional District 6 (114th Congress), Michigan",50000US2606,713644,577519,57357,42483,10623,2354,112,614,38.8,279199,142100,50511,50511,105559,32378,26,06
2015,"Congressional District 7 (114th Congress), Michigan",50000US2607,697627,613946,29461,29680,6971,2177,290,768,42,265607,143600,53887,53887,85710,16125,26,07
2015,"Congressional District 8 (114th Congress), Michigan",50000US2608,728781,603939,37576,35125,30685,1061,410,376,38.5,277217,196900,65400,65400,85666,52531,26,08
2015,"Congressional District 9 (114th Congress), Michigan",50000US2609,717641,555443,95603,15540,29744,2789,175,2197,41.1,298469,133100,52455,52455,93777,79703,26,09
2015,"Congressional District 10 (114th Congress), Michigan",50000US2610,715535,644244,19356,23752,12587,947,81,500,42.3,276435,165000,58068,58068,72395,43887,26,10
2015,"Congressional District 11 (114th Congress), Michigan",50000US2611,720585,559802,43852,25826,72723,2105,0,1874,41.1,280995,222200,77183,77183,46849,98290,26,11
2015,"Congressional District 12 (114th Congress), Michigan",50000US2612,708020,533181,72960,41084,39045,1557,206,1243,35.9,274068,131500,54212,54212,117612,80215,26,12
2015,"Congressional District 13 (114th Congress), Michigan",50000US2613,679235,231787,375320,48394,9174,1725,341,2141,36.2,258660,63100,31789,31789,216202,48448,26,13
2015,"Congressional District 14 (114th Congress), Michigan",50000US2614,695410,222427,388679,33512,31780,1514,215,2114,38,269367,105700,40785,40785,172461,74142,26,14
2015,"Congressional District 1 (114th Congress), Minnesota",50000US2701,668741,579022,18333,41507,18466,1471,90,409,38.4,262815,156700,57189,57189,71650,43770,27,01
2015,"Congressional District 2 (114th Congress), Minnesota",50000US2702,695029,570472,27710,40193,32847,2301,151,619,37.7,258064,236700,77122,77122,46886,56573,27,02
2015,"Congressional District 3 (114th Congress), Minnesota",50000US2703,700121,551676,50206,30328,48752,1485,264,1680,39.8,274149,273600,81788,81788,37507,82334,27,03
2015,"Congressional District 4 (114th Congress), Minnesota",50000US2704,704158,475775,68243,46970,84789,2946,181,786,35.7,267996,225500,63638,63638,87911,97519,27,04
2015,"Congressional District 5 (114th Congress), Minnesota",50000US2705,707578,444415,117612,65842,45064,5050,0,2009,34,296531,212500,56752,56752,108203,110219,27,05
2015,"Congressional District 6 (114th Congress), Minnesota",50000US2706,687034,618152,16597,18238,16312,2432,42,332,37,249007,210300,73227,73227,51432,34424,27,06
2015,"Congressional District 7 (114th Congress), Minnesota",50000US2707,663263,592451,8356,27829,6153,18953,561,266,41,267158,149700,54481,54481,69354,20838,27,07
2015,"Congressional District 8 (114th Congress), Minnesota",50000US2708,663670,609677,6100,11133,4676,15596,231,224,43.2,271542,163300,52179,52179,73488,11508,27,08
2015,"Congressional District 1 (114th Congress), Mississippi",50000US2801,758765,510123,209126,24742,4839,656,402,664,37.7,283891,116900,43910,43910,132471,17488,28,01
2015,"Congressional District 2 (114th Congress), Mississippi",50000US2802,724075,,,13701,,,,,35.6,259082,88600,32152,32152,209052,11456,28,02
2015,"Congressional District 3 (114th Congress), Mississippi",50000US2803,745475,451096,256406,16026,8676,6924,265,409,37.4,279489,121600,42817,42817,137464,18402,28,03
2015,"Congressional District 4 (114th Congress), Mississippi",50000US2804,764018,524150,180784,31289,12013,2069,70,230,37.1,281909,122200,42383,42383,158141,24912,28,04
2015,"Congressional District 1 (114th Congress), Missouri",50000US2901,736055,303085,360477,26755,22456,698,562,941,35.4,307139,110100,42145,42145,146184,46717,29,01
2015,"Congressional District 2 (114th Congress), Missouri",50000US2902,767531,668934,28378,20096,33289,1642,223,587,42.7,301963,225000,77477,77477,38962,51063,29,02
2015,"Congressional District 3 (114th Congress), Missouri",50000US2903,774899,707856,25864,16735,9256,2418,119,829,39.1,286397,166700,57578,57578,81247,18272,29,03
2015,"Congressional District 4 (114th Congress), Missouri",50000US2904,762763,660152,38881,28741,11600,2968,410,628,36.6,286431,139900,45735,45735,126947,23511,29,04
2015,"Congressional District 5 (114th Congress), Missouri",50000US2905,757920,485175,164814,67416,14990,3145,2429,1413,36.9,313815,119500,46396,46396,131620,45856,29,05
2015,"Congressional District 6 (114th Congress), Missouri",50000US2906,765667,674375,34776,29487,7495,2492,533,115,38.5,288545,149300,56422,56422,91795,20301,29,06
2015,"Congressional District 7 (114th Congress), Missouri",50000US2907,770073,680176,13667,38389,10462,6996,1150,134,37.7,302451,132100,43823,43823,120222,26997,29,07
2015,"Congressional District 8 (114th Congress), Missouri",50000US2908,748764,679015,37930,12794,4364,2367,96,0,40.5,287439,115000,40327,40327,138518,10044,29,08
2015,"Congressional District (at Large) (114th Congress), Montana",50000US3000,1032949,894545,4289,37302,8643,62709,1034,141,39.9,414804,209500,49509,49509,147287,21356,30,00
2015,"Congressional District 1 (114th Congress), Nebraska",50000US3101,638320,524560,18863,57948,15298,6978,604,142,35.2,248175,147100,54647,54647,76099,43455,31,01
2015,"Congressional District 2 (114th Congress), Nebraska",50000US3102,652870,477844,63369,71614,20406,3014,74,1608,34.5,249547,159700,61607,61607,82808,55581,31,02
2015,"Congressional District 3 (114th Congress), Nebraska",50000US3103,605000,515616,6086,67406,3831,4628,148,504,39.9,246437,108700,50009,50009,72414,29354,31,03
2015,"Congressional District 1 (114th Congress), Nevada",50000US3201,703299,215819,68431,328432,59521,2619,4072,2667,36.7,245491,152500,37299,37299,163533,225652,32,01
2015,"Congressional District 2 (114th Congress), Nevada",50000US3202,706464,469654,12635,158039,25935,12754,3097,991,39.4,271672,242900,56823,56823,93321,86226,32,02
2015,"Congressional District 3 (114th Congress), Nevada",50000US3203,758676,434976,52954,125431,101839,3807,5390,2041,38.7,281502,269900,64914,64914,65929,134603,32,03
2015,"Congressional District 4 (114th Congress), Nevada",50000US3204,722406,340239,102548,201492,41011,5262,3665,1223,36.3,243400,198600,54731,54731,95460,111689,32,04
2015,"Congressional District 1 (114th Congress), New Hampshire",50000US3301,671640,611349,10813,24624,12185,297,165,930,42.5,261769,249800,71858,71858,51094,40651,33,01
2015,"Congressional District 2 (114th Congress), New Hampshire",50000US3302,658968,598668,7682,19731,21589,872,89,274,43.2,255846,239200,68252,68252,54952,39308,33,02
2015,"Congressional District 1 (114th Congress), New Jersey",50000US3401,738908,463191,117560,96234,39283,204,330,2868,39,268186,196500,67318,67318,86029,74095,34,01
2015,"Congressional District 2 (114th Congress), New Jersey",50000US3402,721093,474091,82949,116410,29164,1339,66,209,42.3,265326,219200,59105,59105,85597,78456,34,02
2015,"Congressional District 3 (114th Congress), New Jersey",50000US3403,735336,555385,74561,59066,26604,476,0,544,43.7,276418,258600,71196,71196,57415,58007,34,03
2015,"Congressional District 4 (114th Congress), New Jersey",50000US3404,742131,574283,44888,77297,32962,167,423,2522,41.2,268362,354300,78467,78467,64391,94089,34,04
2015,"Congressional District 5 (114th Congress), New Jersey",50000US3405,743424,526277,35373,94463,74725,968,802,1149,42.6,261487,407400,96349,96349,39417,145691,34,05
2015,"Congressional District 6 (114th Congress), New Jersey",50000US3406,753711,357213,75991,162318,142059,1234,204,1738,36.9,250016,328600,75203,75203,70358,212277,34,06
2015,"Congressional District 7 (114th Congress), New Jersey",50000US3407,743127,536473,31395,84610,75692,136,0,1941,42.6,265736,429800,101746,101746,35552,139581,34,07
2015,"Congressional District 8 (114th Congress), New Jersey",50000US3408,767452,192791,69790,422100,63030,1067,414,7194,34.6,278454,326500,55090,55090,140586,335867,34,08
2015,"Congressional District 9 (114th Congress), New Jersey",50000US3409,760840,291104,71538,277849,107008,848,265,1353,38.1,259420,355600,60867,60867,117655,271211,34,09
2015,"Congressional District 10 (114th Congress), New Jersey",50000US3410,764684,155527,372424,158884,57453,737,149,8073,36,272446,276100,47184,47184,143117,225413,34,10
2015,"Congressional District 11 (114th Congress), New Jersey",50000US3411,735657,540496,26656,84689,70673,151,37,393,43.1,261271,431700,102205,102205,33529,133123,34,11
2015,"Congressional District 12 (114th Congress), New Jersey",50000US3412,751650,353976,131101,128259,123568,641,17,4169,39.5,260841,340700,78982,78982,72468,209515,34,12
2015,"Congressional District 1 (114th Congress), New Mexico",50000US3501,690571,277223,16336,340991,15339,25530,296,1461,37.7,269810,187400,47199,47199,136342,77604,35,01
2015,"Congressional District 2 (114th Congress), New Mexico",50000US3502,703727,262515,13433,378411,5252,34652,137,922,36.2,243825,122900,41232,41232,154021,74484,35,02
2015,"Congressional District 3 (114th Congress), New Mexico",50000US3503,690811,258371,11828,281862,6951,117347,426,1210,38.5,248162,177000,48061,48061,127471,44867,35,03
2015,"Congressional District 1 (114th Congress), New York",50000US3601,726589,543986,37260,107873,26443,1422,0,2297,42.1,246721,376200,86645,86645,58542,88594,36,01
2015,"Congressional District 2 (114th Congress), New York",50000US3602,721038,450830,64176,164703,28725,282,61,1979,39.8,216567,363800,89668,89668,46415,134122,36,02
2015,"Congressional District 3 (114th Congress), New York",50000US3603,721764,497044,22376,74127,112954,598,270,5259,44.7,245962,575600,102602,102602,40121,158670,36,03
2015,"Congressional District 4 (114th Congress), New York",50000US3604,723380,406460,105537,149426,48429,884,0,4578,39.8,230222,442300,97111,97111,46901,164891,36,04
2015,"Congressional District 5 (114th Congress), New York",50000US3605,779896,81102,367744,164851,107031,1819,61,36232,36.7,221213,419100,65012,65012,92757,333812,36,05
2015,"Congressional District 6 (114th Congress), New York",50000US3606,744562,255434,28387,138234,298968,1213,101,4952,40.5,265193,559000,59696,59696,97946,387530,36,06
2015,"Congressional District 7 (114th Congress), New York",50000US3607,753292,233192,56066,305367,139117,1026,208,5199,33.1,251708,663000,49420,49420,202237,278649,36,07
2015,"Congressional District 8 (114th Congress), New York",50000US3608,769795,183275,385520,137928,46251,1372,138,3895,35.6,278959,530700,47220,47220,167726,261368,36,08
2015,"Congressional District 9 (114th Congress), New York",50000US3609,759225,236761,358633,93908,51400,386,0,3569,36,281787,582700,51148,51148,145048,307243,36,09
2015,"Congressional District 10 (114th Congress), New York",50000US3610,728323,445411,31461,88635,141802,2468,13,3352,36,311921,877700,81834,81834,123758,234262,36,10
2015,"Congressional District 11 (114th Congress), New York",50000US3611,721433,434145,50959,123618,98316,900,313,1823,39.3,259983,486700,66344,66344,105701,218868,36,11
2015,"Congressional District 12 (114th Congress), New York",50000US3612,733946,476668,30611,99792,104159,839,258,2461,36.6,364088,857600,93649,93649,80654,203602,36,12
2015,"Congressional District 13 (114th Congress), New York",50000US3613,790434,117098,189714,430217,33199,265,357,2002,33.9,285665,429600,39258,39258,215695,284295,36,13
2015,"Congressional District 14 (114th Congress), New York",50000US3614,720690,166040,69884,342485,127013,1066,203,3452,37,242909,480300,52346,52346,121183,330592,36,14
2015,"Congressional District 15 (114th Congress), New York",50000US3615,762550,23845,210596,503654,13079,2146,0,2793,30.7,253192,363000,26047,26047,285896,276630,36,15
2015,"Congressional District 16 (114th Congress), New York",50000US3616,748723,279193,227425,186045,37433,886,145,7823,39.7,261213,435500,66325,66325,100370,230511,36,16
2015,"Congressional District 17 (114th Congress), New York",50000US3617,742551,442562,71969,165036,46012,1123,104,2916,39.1,245245,460900,89905,89905,77273,172770,36,17
2015,"Congressional District 18 (114th Congress), New York",50000US3618,720268,494154,67564,118300,21801,1528,252,2941,39.4,246323,296500,79540,79540,70306,76005,36,18
2015,"Congressional District 19 (114th Congress), New York",50000US3619,705044,598459,28828,51710,11380,386,318,783,44.1,269443,198100,58298,58298,92150,42026,36,19
2015,"Congressional District 20 (114th Congress), New York",50000US3620,727216,555060,61162,46037,37528,731,390,4840,38.9,283768,202100,61393,61393,78837,64353,36,20
2015,"Congressional District 21 (114th Congress), New York",50000US3621,710842,644891,22055,23524,6710,2697,383,326,40.8,272287,135900,51580,51580,93932,22621,36,21
2015,"Congressional District 22 (114th Congress), New York",50000US3622,711391,623259,26028,26099,19416,1259,598,487,41.3,275235,113000,50416,50416,107555,34867,36,22
2015,"Congressional District 23 (114th Congress), New York",50000US3623,708372,624828,19793,26115,18362,3645,180,1204,40.3,275077,102000,49592,49592,105560,29349,36,23
2015,"Congressional District 24 (114th Congress), New York",50000US3624,708959,578977,56679,31211,18964,3345,427,2176,39.9,276624,131100,55014,55014,99153,44309,36,24
2015,"Congressional District 25 (114th Congress), New York",50000US3625,722956,506970,109251,62040,28411,1600,99,1127,38.5,288441,142800,53594,53594,105531,66503,36,25
2015,"Congressional District 26 (114th Congress), New York",50000US3626,714758,488749,129293,46397,28742,2811,192,2670,37.7,301958,116900,45106,45106,144823,57825,36,26
2015,"Congressional District 27 (114th Congress), New York",50000US3627,717794,662458,16989,17861,7889,3434,91,517,44.3,281990,149300,62566,62566,63962,25820,36,27
2015,"Congressional District 1 (114th Congress), North Carolina",50000US3701,728488,252914,379068,64413,11191,5024,437,443,37.6,283132,111200,35148,35148,178027,48363,37,01
2015,"Congressional District 2 (114th Congress), North Carolina",50000US3702,796200,513651,129692,89775,31880,6899,762,1842,36.7,290173,165200,52471,52471,113843,71982,37,02
2015,"Congressional District 3 (114th Congress), North Carolina",50000US3703,756975,531195,138766,52881,10204,1961,328,1887,35.1,288496,159500,45716,45716,123237,30791,37,03
2015,"Congressional District 4 (114th Congress), North Carolina",50000US3704,811063,386308,250211,98365,49236,4025,698,2691,32.5,317195,181500,49423,49423,146998,117115,37,04
2015,"Congressional District 5 (114th Congress), North Carolina",50000US3705,755211,565482,96270,66165,13731,2274,306,2269,41,299365,152200,44817,44817,126549,47769,37,05
2015,"Congressional District 6 (114th Congress), North Carolina",50000US3706,753560,551476,120231,45774,17187,1617,120,1281,42.8,298146,159900,49111,49111,99598,44072,37,06
2015,"Congressional District 7 (114th Congress), North Carolina",50000US3707,785124,541189,128389,80286,6319,14466,46,302,41.6,297420,158500,47426,47426,127689,51636,37,07
2015,"Congressional District 8 (114th Congress), North Carolina",50000US3708,750103,459793,147496,70346,6914,52657,0,1218,39.2,274863,125700,43792,43792,134894,46749,37,08
2015,"Congressional District 9 (114th Congress), North Carolina",50000US3709,828929,586465,109652,73738,38797,2267,0,1284,37.7,308973,251800,76101,76101,66975,92132,37,09
2015,"Congressional District 10 (114th Congress), North Carolina",50000US3710,751909,589567,87342,47724,11303,2452,0,1462,41.4,288451,140800,42154,42154,121936,37808,37,10
2015,"Congressional District 11 (114th Congress), North Carolina",50000US3711,739784,637584,23210,44068,8945,12180,224,2825,45.2,302408,155700,42079,42079,114686,36550,37,11
2015,"Congressional District 12 (114th Congress), North Carolina",50000US3712,793964,228235,388188,111545,40913,2700,46,3073,32.8,300233,123300,37980,37980,181290,107783,37,12
2015,"Congressional District 13 (114th Congress), North Carolina",50000US3713,791492,544009,143303,66594,19384,980,0,1477,39.7,294890,216700,67118,67118,72113,61934,37,13
2015,"Congressional District (at Large) (114th Congress), North Dakota",50000US3800,756928,650304,15387,26059,9696,36789,445,434,34.9,313475,180900,60557,60557,80170,28649,38,00
2015,"Congressional District 1 (114th Congress), Ohio",50000US3901,729977,506408,160670,19620,23054,578,94,1307,37.5,286903,155100,55059,55059,104669,38688,39,01
2015,"Congressional District 2 (114th Congress), Ohio",50000US3902,730725,628340,60591,15906,9611,1325,0,443,39.4,293990,149100,52371,52371,99647,20880,39,02
2015,"Congressional District 3 (114th Congress), Ohio",50000US3903,767295,408162,248340,50828,27041,1223,145,1289,32.5,298494,117500,42601,42601,172817,87122,39,03
2015,"Congressional District 4 (114th Congress), Ohio",50000US3904,713302,627023,37484,26492,6601,1948,0,1391,40.7,277195,122800,50627,50627,93424,12836,39,04
2015,"Congressional District 5 (114th Congress), Ohio",50000US3905,721478,643068,19393,37265,8551,449,224,273,39.5,285097,133200,56098,56098,73466,17502,39,05
2015,"Congressional District 6 (114th Congress), Ohio",50000US3906,699217,659971,16492,6673,3024,1249,0,694,43.7,278729,108100,43964,43964,111523,7680,39,06
2015,"Congressional District 7 (114th Congress), Ohio",50000US3907,745591,678938,28669,15688,5315,584,60,475,40.6,284239,135700,51132,51132,93318,13483,39,07
2015,"Congressional District 8 (114th Congress), Ohio",50000US3908,727589,627646,40873,24413,13535,495,1975,452,38.8,272766,142800,54069,54069,96225,26235,39,08
2015,"Congressional District 9 (114th Congress), Ohio",50000US3909,709752,481966,119463,75476,9161,1294,368,819,38.3,293232,96900,41379,41379,143834,32725,39,09
2015,"Congressional District 10 (114th Congress), Ohio",50000US3910,720041,541200,117936,19324,15091,1063,141,1838,39,299455,122000,49490,49490,117888,33955,39,10
2015,"Congressional District 11 (114th Congress), Ohio",50000US3911,704489,264840,367843,31991,18374,1516,63,1371,38.2,301051,90800,35624,35624,180750,37369,39,11
2015,"Congressional District 12 (114th Congress), Ohio",50000US3912,765297,660212,35607,16335,27689,1263,76,2981,37.8,288067,193200,69056,69056,71924,36646,39,12
2015,"Congressional District 13 (114th Congress), Ohio",50000US3913,709977,577060,80048,23303,11694,1036,32,130,40.5,298474,98100,42019,42019,124170,25593,39,13
2015,"Congressional District 14 (114th Congress), Ohio",50000US3914,716084,640316,30844,18315,14338,512,141,394,44.3,283208,173700,64775,64775,56855,38764,39,14
2015,"Congressional District 15 (114th Congress), Ohio",50000US3915,747491,662985,29820,14839,22605,352,302,1051,37.9,282495,161300,60009,60009,83186,36440,39,15
2015,"Congressional District 16 (114th Congress), Ohio",50000US3916,705118,647528,15433,14734,15752,857,299,70,43.6,283260,161000,61330,61330,50719,37993,39,16
2015,"Congressional District 1 (114th Congress), Oklahoma",50000US4001,792694,515404,68614,86140,20636,40495,214,1821,36.1,312581,147700,52054,52054,119789,60901,40,01
2015,"Congressional District 2 (114th Congress), Oklahoma",50000US4002,750930,483538,26084,38464,3771,120126,1527,415,39.8,279501,99500,41197,41197,144099,15845,40,02
2015,"Congressional District 3 (114th Congress), Oklahoma",50000US4003,779713,578584,29051,76060,10692,43984,394,255,36.4,279580,114000,48571,48571,118964,38185,40,03
2015,"Congressional District 4 (114th Congress), Oklahoma",50000US4004,778004,553761,49479,65597,17884,34563,607,1420,35.5,284909,133500,51990,51990,94457,34497,40,04
2015,"Congressional District 5 (114th Congress), Oklahoma",50000US4005,809997,466224,107598,130203,24945,33874,543,1214,34.6,309380,139000,48426,48426,133519,85922,40,05
2015,"Congressional District 1 (114th Congress), Oregon",50000US4101,820305,588677,13342,118601,61327,3511,2122,849,37.5,308174,308300,66349,66349,88931,115591,41,01
2015,"Congressional District 2 (114th Congress), Oregon",50000US4102,798161,640761,4917,107806,7363,14317,1233,249,42.1,311030,217700,46793,46793,142645,46840,41,02
2015,"Congressional District 3 (114th Congress), Oregon",50000US4103,815909,582270,41007,91621,56673,4755,4377,1539,37.3,314464,313400,58809,58809,124548,108614,41,03
2015,"Congressional District 4 (114th Congress), Oregon",50000US4104,781166,656161,6566,60526,17041,8391,1251,453,41.1,317272,219800,44747,44747,145509,45917,41,04
2015,"Congressional District 5 (114th Congress), Oregon",50000US4105,813436,614742,7596,133344,20141,7019,4376,0,38.9,302265,259700,58466,58466,105396,80331,41,05
2015,"Congressional District 1 (114th Congress), Pennsylvania",50000US4201,720611,284391,241691,123932,53913,409,0,1371,33.8,262548,140300,45968,45968,161897,90144,42,01
2015,"Congressional District 2 (114th Congress), Pennsylvania",50000US4202,725418,212834,408870,44778,36276,2137,633,3666,34.3,280331,153700,40244,40244,192336,60236,42,02
2015,"Congressional District 3 (114th Congress), Pennsylvania",50000US4203,701892,632688,29093,16077,6360,702,125,977,42.8,280874,126700,50231,50231,100488,16109,42,03
2015,"Congressional District 4 (114th Congress), Pennsylvania",50000US4204,724891,585681,52248,52245,18377,792,102,919,41,276101,173500,58510,58510,72004,37023,42,04
2015,"Congressional District 5 (114th Congress), Pennsylvania",50000US4205,699108,644589,17273,13129,12747,635,393,799,40.7,270136,117200,48610,48610,94530,23357,42,05
2015,"Congressional District 6 (114th Congress), Pennsylvania",50000US4206,720652,597631,31484,43307,37096,263,304,1045,41.7,272195,253900,80129,80129,47218,53910,42,06
2015,"Congressional District 7 (114th Congress), Pennsylvania",50000US4207,709623,595681,36151,27813,36264,525,0,579,42.8,257416,292700,84406,84406,39835,58641,42,07
2015,"Congressional District 8 (114th Congress), Pennsylvania",50000US4208,707083,599805,26748,35083,33585,1065,0,894,43.7,265273,315600,80032,80032,41579,63008,42,08
2015,"Congressional District 9 (114th Congress), Pennsylvania",50000US4209,696545,645535,19160,15368,4323,249,0,511,43.4,278585,121200,47413,47413,100173,11484,42,09
2015,"Congressional District 10 (114th Congress), Pennsylvania",50000US4210,705602,634314,25417,28044,6579,1159,107,937,43.7,268635,160600,53520,53520,85608,23099,42,10
2015,"Congressional District 11 (114th Congress), Pennsylvania",50000US4211,704916,603503,36092,43404,9162,629,0,432,42.3,282386,154000,52367,52367,79749,31850,42,11
2015,"Congressional District 12 (114th Congress), Pennsylvania",50000US4212,700339,643708,21128,11638,11856,379,145,420,45.1,287314,148400,57186,57186,69916,19940,42,12
2015,"Congressional District 13 (114th Congress), Pennsylvania",50000US4213,729101,423026,134441,84031,67232,682,87,3933,37.3,267087,223200,57367,57367,103929,129142,42,13
2015,"Congressional District 14 (114th Congress), Pennsylvania",50000US4214,699463,488320,145911,15075,23593,550,221,1719,38.6,313503,96800,43763,43763,121242,40003,42,14
2015,"Congressional District 15 (114th Congress), Pennsylvania",50000US4215,728044,549343,29224,114311,20353,879,0,530,40.3,273750,197000,58867,58867,75976,57942,42,15
2015,"Congressional District 16 (114th Congress), Pennsylvania",50000US4216,732595,528601,41854,134138,12600,633,45,816,37,264427,191300,55802,55802,96191,53490,42,16
2015,"Congressional District 17 (114th Congress), Pennsylvania",50000US4217,686892,563916,37671,58154,12971,149,90,1317,43,264661,136800,50329,50329,87630,40193,42,17
2015,"Congressional District 18 (114th Congress), Pennsylvania",50000US4218,709728,657078,14645,9682,13705,477,151,343,44.1,290815,165400,62254,62254,59694,27588,42,18
2015,"Congressional District 1 (114th Congress), Rhode Island",50000US4401,532557,364692,39467,86661,19040,1426,77,5817,38.8,206409,240900,51966,51966,80853,89262,44,01
2015,"Congressional District 2 (114th Congress), Rhode Island",50000US4402,523741,410471,17897,65424,16080,1916,134,862,40.8,201075,241100,64118,64118,60182,53062,44,02
2015,"Congressional District 1 (114th Congress), South Carolina",50000US4501,751679,528361,146612,46433,13670,1866,794,587,38.3,283863,236500,61907,61907,81992,45092,45,01
2015,"Congressional District 2 (114th Congress), South Carolina",50000US4502,701799,469898,163519,37713,13500,1018,642,629,38.4,263691,153500,56454,56454,94476,31508,45,02
2015,"Congressional District 3 (114th Congress), South Carolina",50000US4503,680819,504342,121265,35355,4109,1368,2,632,41.1,257805,130400,43034,43034,118769,22620,45,03
2015,"Congressional District 4 (114th Congress), South Carolina",50000US4504,709631,485946,134743,54758,17956,1082,951,615,37.7,270447,150000,50015,50015,98102,60004,45,04
2015,"Congressional District 5 (114th Congress), South Carolina",50000US4505,693302,452753,194390,25490,7931,2156,72,821,39.8,264794,135300,45802,45802,111068,22013,45,05
2015,"Congressional District 6 (114th Congress), South Carolina",50000US4506,661521,228415,378247,32843,6618,1043,263,847,35.4,240849,105200,34566,34566,156066,22716,45,06
2015,"Congressional District 7 (114th Congress), South Carolina",50000US4507,697395,450092,193211,29963,6431,3657,385,2062,42.3,276319,136100,41473,41473,130242,28796,45,07
2015,"Congressional District (at Large) (114th Congress), South Dakota",50000US4600,858469,710681,12807,30079,11901,68201,712,1723,36.9,339437,152800,53017,53017,114071,27845,46,00
2015,"Congressional District 1 (114th Congress), Tennessee",50000US4701,712033,651895,17597,24947,4219,2392,169,332,43.2,288863,132000,39081,39081,131414,18125,47,01
2015,"Congressional District 2 (114th Congress), Tennessee",50000US4702,732112,630794,43888,28308,10732,1433,736,476,39.9,290345,164600,49841,49841,108484,31249,47,02
2015,"Congressional District 3 (114th Congress), Tennessee",50000US4703,726420,596113,77228,27794,8544,2953,65,651,41.7,280143,141600,43526,43526,132806,24763,47,03
2015,"Congressional District 4 (114th Congress), Tennessee",50000US4704,755381,609692,65499,44946,12421,1204,86,1325,37.7,279183,147900,49312,49312,112279,36787,47,04
2015,"Congressional District 5 (114th Congress), Tennessee",50000US4705,759800,456928,184916,69661,21779,2859,0,3880,34.9,304071,181700,51554,51554,124598,91342,47,05
2015,"Congressional District 6 (114th Congress), Tennessee",50000US4706,745077,659513,32205,30800,6263,2410,280,985,40.9,283217,160900,47227,47227,100074,28178,47,06
2015,"Congressional District 7 (114th Congress), Tennessee",50000US4707,753850,607114,77069,36649,15147,1869,748,910,37.4,274422,161300,53238,53238,100211,31063,47,07
2015,"Congressional District 8 (114th Congress), Tennessee",50000US4708,709747,515924,145420,19484,13963,2071,159,1465,40.2,263221,153400,55100,55100,97694,24361,47,08
2015,"Congressional District 9 (114th Congress), Tennessee",50000US4709,705879,171834,457046,50871,13307,412,492,1845,33.9,266795,95900,37388,37388,170340,45702,47,09
2015,"Congressional District 1 (114th Congress), Texas",50000US4801,715761,447146,127222,122556,7535,1474,5,541,37.3,252252,121700,46537,46537,125417,48597,48,01
2015,"Congressional District 2 (114th Congress), Texas",50000US4802,753863,362504,87343,227130,59917,1248,136,2391,35.6,278068,190200,74246,74246,76679,158853,48,02
2015,"Congressional District 3 (114th Congress), Texas",50000US4803,819626,479132,70809,124647,121473,3694,666,1549,36.7,292431,271100,86565,86565,53052,175863,48,03
2015,"Congressional District 4 (114th Congress), Texas",50000US4804,725212,521237,76121,97896,6513,5803,94,1149,39.1,259288,121200,47850,47850,111259,44070,48,04
2015,"Congressional District 5 (114th Congress), Texas",50000US4805,743878,396471,113172,206009,15108,1934,308,262,36,251986,120500,46900,46900,126268,113948,48,05
2015,"Congressional District 6 (114th Congress), Texas",50000US4806,742999,373309,150897,164637,35744,1965,1296,1595,34.9,255499,152300,62290,62290,83408,94591,48,06
2015,"Congressional District 7 (114th Congress), Texas",50000US4807,777640,347259,92799,242199,79749,243,117,2098,34.7,300026,236800,71337,71337,93348,236351,48,07
2015,"Congressional District 8 (114th Congress), Texas",50000US4808,802187,520477,62843,173045,23233,4217,100,332,36.7,270735,177100,64196,64196,87053,94899,48,08
2015,"Congressional District 9 (114th Congress), Texas",50000US4809,782554,85099,294750,299554,93368,889,696,1489,32.4,267279,120200,43572,43572,155661,275152,48,09
2015,"Congressional District 10 (114th Congress), Texas",50000US4810,792770,416037,86382,228951,44965,1440,195,2804,35.8,283464,210200,70494,70494,78614,138099,48,10
2015,"Congressional District 11 (114th Congress), Texas",50000US4811,761153,422529,26783,291656,8085,1806,362,782,35.3,269037,132900,56334,56334,94962,72141,48,11
2015,"Congressional District 12 (114th Congress), Texas",50000US4812,788381,499456,64437,172563,31080,2180,1605,549,35.8,282312,151900,62274,62274,88886,78664,48,12
2015,"Congressional District 13 (114th Congress), Texas",50000US4813,707365,450957,35241,187164,14860,4507,671,457,36.2,257511,110200,49281,49281,105172,65085,48,13
2015,"Congressional District 14 (114th Congress), Texas",50000US4814,739877,380272,143928,179820,19246,1257,209,356,37.1,267407,144100,57520,57520,103715,77437,48,14
2015,"Congressional District 15 (114th Congress), Texas",50000US4815,766342,121929,14657,617572,8039,242,200,540,30.7,214345,92900,41993,41993,206261,174596,48,15
2015,"Congressional District 16 (114th Congress), Texas",50000US4816,741162,105539,27463,589009,10353,1823,0,1404,32.3,235672,119000,45316,45316,134274,173997,48,16
2015,"Congressional District 17 (114th Congress), Texas",50000US4817,750140,416106,96428,186295,37302,1185,54,172,32.5,274547,153200,51024,51024,129445,91837,48,17
2015,"Congressional District 18 (114th Congress), Texas",50000US4818,764622,123905,275252,326443,29642,1265,111,2127,32.3,268114,116900,43100,43100,175824,168210,48,18
2015,"Congressional District 19 (114th Congress), Texas",50000US4819,725517,394121,40666,264606,9409,2727,107,935,32.7,251761,100000,47305,47305,118173,53800,48,19
2015,"Congressional District 20 (114th Congress), Texas",50000US4820,774521,169339,42405,525191,22326,1027,1150,556,31.6,250022,126600,49404,49404,135966,109328,48,20
2015,"Congressional District 21 (114th Congress), Texas",50000US4821,771369,476050,30213,219618,28489,1588,513,1273,38.1,309497,249500,65254,65254,67384,75768,48,21
2015,"Congressional District 22 (114th Congress), Texas",50000US4822,861570,356182,113971,215021,154807,2776,95,1925,35.3,274785,238400,95048,95048,57800,221800,48,22
2015,"Congressional District 23 (114th Congress), Texas",50000US4823,747732,184444,21889,521424,10908,2535,95,463,33.1,221835,114600,53917,53917,126762,125544,48,23
2015,"Congressional District 24 (114th Congress), Texas",50000US4824,779968,377578,77181,191979,105439,2094,2270,2733,35.6,305157,230800,68161,68161,69617,183200,48,24
2015,"Congressional District 25 (114th Congress), Texas",50000US4825,762034,529902,51300,134116,20054,2088,4371,928,36.9,267588,212700,65706,65706,80686,58342,48,25
2015,"Congressional District 26 (114th Congress), Texas",50000US4826,818125,534310,65815,144687,52268,2359,0,595,34.5,274216,216500,79738,79738,57620,101565,48,26
2015,"Congressional District 27 (114th Congress), Texas",50000US4827,734713,293565,35564,385429,11082,1526,356,376,35.9,263740,124500,50764,50764,123924,65694,48,27
2015,"Congressional District 28 (114th Congress), Texas",50000US4828,724967,115412,26419,566908,7713,775,0,956,31.9,210726,110000,45054,45054,183885,160881,48,28
2015,"Congressional District 29 (114th Congress), Texas",50000US4829,758771,72794,81866,586477,11936,738,246,286,29.5,228854,98000,40871,40871,192699,251792,48,29
2015,"Congressional District 30 (114th Congress), Texas",50000US4830,754382,112145,325288,294909,11717,1095,73,263,32.8,259435,110700,42439,42439,177452,136491,48,30
2015,"Congressional District 31 (114th Congress), Texas",50000US4831,804974,456764,86800,195546,38296,1153,1336,1063,34.2,277160,200000,65377,65377,85568,85360,48,31
2015,"Congressional District 32 (114th Congress), Texas",50000US4832,748526,373840,100529,194345,57862,1603,64,1037,35.4,282479,204100,66375,66375,95128,154831,48,32
2015,"Congressional District 33 (114th Congress), Texas",50000US4833,740323,103504,119274,496209,14550,1005,0,2,30,219249,87100,39246,39246,181573,248018,48,33
2015,"Congressional District 34 (114th Congress), Texas",50000US4834,730907,107534,8805,606908,4380,999,86,363,32.2,212817,82000,35642,35642,209455,140042,48,34
2015,"Congressional District 35 (114th Congress), Texas",50000US4835,823909,209616,66181,519643,14454,983,191,1634,31.4,267303,126800,43831,43831,167628,143510,48,35
2015,"Congressional District 36 (114th Congress), Texas",50000US4836,731274,458598,68761,172054,14982,2060,433,427,36.9,264815,124000,56885,56885,94899,72939,48,36
2015,"Congressional District 1 (114th Congress), Utah",50000US4901,740397,602294,7140,95596,9904,6801,1997,445,30.3,231359,206600,63334,63334,78620,44277,49,01
2015,"Congressional District 2 (114th Congress), Utah",50000US4902,750207,575421,8406,114689,21930,5513,8284,1005,32.7,251626,216900,55339,55339,99400,73468,49,02
2015,"Congressional District 3 (114th Congress), Utah",50000US4903,743301,612330,3961,76186,15361,12018,4548,621,27.5,216903,275500,66007,66007,88898,49880,49,03
2015,"Congressional District 4 (114th Congress), Utah",50000US4904,762014,574115,12991,122839,20953,5252,8799,710,31.2,231092,245700,67632,67632,64936,76842,49,04
2015,"Congressional District (at Large) (114th Congress), Vermont",50000US5000,626042,584851,7694,10422,8627,2277,282,950,43.1,254865,223700,56990,56990,61314,28247,50,00
2015,"Congressional District 1 (114th Congress), Virginia",50000US5101,771237,511365,131108,72456,26911,1817,754,1080,38.5,271514,305700,77593,77593,49650,65763,51,01
2015,"Congressional District 2 (114th Congress), Virginia",50000US5102,748489,458811,160316,59560,39209,2164,485,1585,35.1,279059,240700,62006,62006,71679,59482,51,02
2015,"Congressional District 3 (114th Congress), Virginia",50000US5103,738228,234729,417135,43751,12794,2669,611,2562,33.2,287256,164600,41152,41152,157996,35808,51,03
2015,"Congressional District 4 (114th Congress), Virginia",50000US5104,753899,440071,233815,40788,16697,2157,598,1296,38.5,270552,218400,62796,62796,78319,39451,51,04
2015,"Congressional District 5 (114th Congress), Virginia",50000US5105,736851,539096,143988,25120,13230,783,190,903,42.6,291018,185000,50612,50612,98763,30823,51,05
2015,"Congressional District 6 (114th Congress), Virginia",50000US5106,745367,592951,80483,38565,13458,1501,241,969,39.9,287061,180300,49220,49220,113115,40657,51,06
2015,"Congressional District 7 (114th Congress), Virginia",50000US5107,778480,550112,117417,49532,39124,1983,302,2064,39.9,289326,264100,74889,74889,52722,71042,51,07
2015,"Congressional District 8 (114th Congress), Virginia",50000US5108,808352,416170,106195,161845,95155,427,555,2836,35.5,314949,526300,100644,100644,60698,243855,51,08
2015,"Congressional District 9 (114th Congress), Virginia",50000US5109,720447,642518,39289,16628,9615,318,45,2921,42,285298,119800,42174,42174,127965,18764,51,09
2015,"Congressional District 10 (114th Congress), Virginia",50000US5110,807670,498189,53146,105618,113337,1590,1011,4881,37.9,264870,472000,114793,114793,41499,172689,51,10
2015,"Congressional District 11 (114th Congress), Virginia",50000US5111,773973,355467,100157,139490,140380,1006,265,2369,36.4,265992,463600,105031,105031,56940,240292,51,11
2015,"Congressional District 1 (114th Congress), Washington",50000US5301,713051,532498,7546,65521,72085,6865,1188,799,39.3,266544,399100,86349,86349,54659,114359,53,01
2015,"Congressional District 2 (114th Congress), Washington",50000US5302,726951,520441,19575,76094,61769,8216,4774,1078,37.4,278263,310200,65000,65000,84082,109196,53,02
2015,"Congressional District 3 (114th Congress), Washington",50000US5303,711569,574343,9367,66679,22971,5665,2674,581,39.9,265756,237500,57331,57331,86853,57549,53,03
2015,"Congressional District 4 (114th Congress), Washington",50000US5304,709698,386595,5853,272713,9348,14957,233,920,33.8,238724,177500,52351,52351,118675,115209,53,04
2015,"Congressional District 5 (114th Congress), Washington",50000US5305,696426,585213,10260,43664,16074,9955,3171,624,37.6,272518,191400,47053,47053,110107,40877,53,05
2015,"Congressional District 6 (114th Congress), Washington",50000US5306,680903,529063,21710,49160,26220,12932,3471,876,42.5,270239,253600,58410,58410,78305,45233,53,06
2015,"Congressional District 7 (114th Congress), Washington",50000US5307,746317,523183,35010,53697,81996,4929,4143,2007,37.1,335747,495200,80119,80119,79431,120338,53,07
2015,"Congressional District 8 (114th Congress), Washington",50000US5308,730327,520332,21433,81057,67029,5651,2881,843,37.4,258732,321400,77320,77320,61921,95061,53,08
2015,"Congressional District 9 (114th Congress), Washington",50000US5309,728262,343523,78166,92236,161119,3203,10801,883,36.5,274741,369700,71947,71947,83986,208983,53,09
2015,"Congressional District 10 (114th Congress), Washington",50000US5310,726847,481682,44300,85598,45093,10108,12240,1322,35.7,267309,235100,56564,56564,99782,73353,53,10
2015,"Congressional District 1 (114th Congress), West Virginia",50000US5401,614959,574787,14564,8001,5892,416,339,311,41.4,243428,112200,44180,44180,99954,10449,54,01
2015,"Congressional District 2 (114th Congress), West Virginia",50000US5402,628879,568550,29779,12496,5042,421,60,992,42.3,247760,138600,47045,47045,92767,12674,54,02
2015,"Congressional District 3 (114th Congress), West Virginia",50000US5403,600290,558728,25267,6166,3144,1239,80,186,42.8,243348,88700,35913,35913,128862,6399,54,03
2015,"Congressional District 1 (114th Congress), Wisconsin",50000US5501,714073,574943,38944,69717,15973,2504,59,388,41.2,274600,184500,62206,62206,70012,33473,55,01
2015,"Congressional District 2 (114th Congress), Wisconsin",50000US5502,750045,620736,32017,46095,30742,2635,211,371,36.3,306443,212100,61224,61224,86009,52479,55,02
2015,"Congressional District 3 (114th Congress), Wisconsin",50000US5503,719264,662807,7081,17774,16871,4118,76,352,38.5,282403,148900,51219,51219,90376,19020,55,03
2015,"Congressional District 4 (114th Congress), Wisconsin",50000US5504,716998,309191,237562,121065,26669,3062,130,887,32.9,281913,129900,40748,40748,168485,70023,55,04
2015,"Congressional District 5 (114th Congress), Wisconsin",50000US5505,723853,632379,16285,42077,18218,1377,217,227,40.8,292232,219800,66777,66777,49444,34724,55,05
2015,"Congressional District 6 (114th Congress), Wisconsin",50000US5506,710564,636416,11615,31886,17993,3037,122,257,41.8,290898,155300,56326,56326,67293,25308,55,06
2015,"Congressional District 7 (114th Congress), Wisconsin",50000US5507,709049,650963,4566,15857,11613,13471,412,350,44.4,296872,153700,51863,51863,71874,16642,55,07
2015,"Congressional District 8 (114th Congress), Wisconsin",50000US5508,727491,634248,8951,36678,16634,17141,169,1615,40.6,294177,157100,56137,56137,74471,27312,55,08
2015,"Congressional District (at Large) (114th Congress), Wyoming",50000US5600,586107,492659,4704,57845,4885,12140,237,96,36.5,228937,212500,60214,60214,63425,21999,56,00
2015,"Resident Commissioner District (at Large) (114th Congress), Puerto Rico",50000US7298,3474182,26431,3291,3437388,2832,19,0,2656,40,1221851,114100,18626,18626,,,72,98
