year,name,geo_id,total_population,white,black,hispanic,asian,american_indian,pacific_islander,other_race,median_age,total_households,owner_occupied_homes_median_value,per_capita_income,median_household_income,below_poverty_line,foreign_born_population,state,place
2015,"Birmingham city, Alabama",16000US0107000,214911,,,8940,,,,,35.6,93467,93000,32378,32378,60868,8258,01,07000
2015,"Dothan city, Alabama",16000US0121184,67536,,,1704,,,,,38.9,25709,142200,44208,44208,12745,1699,01,21184
2015,"Hoover city, Alabama",16000US0135896,84839,,,3430,,,,,38.5,32767,277900,77365,77365,3948,8229,01,35896
2015,"Huntsville city, Alabama",16000US0137000,189114,,,10887,,,,,38.1,83144,175100,46769,46769,33195,12691,01,37000
2015,"Mobile city, Alabama",16000US0150000,194305,,,5229,,,,,38,77701,113800,38678,38678,36893,7234,01,50000
2015,"Montgomery city, Alabama",16000US0151000,200586,66139,119081,6648,4534,232,0,157,35.4,80655,116700,41836,41836,44458,9337,01,51000
2015,"Tuscaloosa city, Alabama",16000US0177256,98338,,,2475,,,,,29.1,33270,179800,44125,44125,21593,4706,01,77256
2015,"Anchorage municipality, Alaska",16000US0203000,298695,175448,17373,27261,28285,19090,5135,1725,32.2,104936,302500,78662,78662,24405,33258,02,03000
2015,"Avondale city, Arizona",16000US0404720,80683,31978,10071,34716,2167,270,73,0,29.1,25329,181200,54686,54686,12971,8355,04,04720
2015,"Casas Adobes CDP, Arizona",16000US0410670,65265,45005,847,13609,2082,439,603,44,44.8,28703,173500,54766,54766,5129,7024,04,10670
2015,"Chandler city, Arizona",16000US0412000,260833,151850,12380,57159,28291,3350,0,107,35.6,93639,273600,75562,75562,23896,38721,04,12000
2015,"Flagstaff city, Arizona",16000US0423620,70317,47418,1293,13606,1830,3632,183,0,23.9,22707,280300,51616,51616,12019,4262,04,23620
2015,"Gilbert town, Arizona",16000US0427400,247523,172610,6891,39937,16519,3857,276,634,33.2,77123,284800,86045,86045,14826,24531,04,27400
2015,"Glendale city, Arizona",16000US0427820,240114,124250,12077,83711,12133,861,299,0,34.4,81948,181000,45812,45812,53598,44133,04,27820
2015,"Goodyear city, Arizona",16000US0428380,79003,,,21603,,,,,38.6,25541,254600,73164,73164,6769,11774,04,28380
2015,"Mesa city, Arizona",16000US0446000,471833,292671,16749,131425,10123,9956,1990,86,36.9,174853,188100,49177,49177,80447,57492,04,46000
2015,"Peoria city, Arizona",16000US0454050,171242,114316,5118,41129,4705,1647,522,87,36.9,57095,223000,66308,66308,11839,14260,04,54050
2015,"Phoenix city, Arizona",16000US0455000,1563001,679224,103568,669914,49628,25760,2394,1399,33.8,534199,200800,48452,48452,344455,300702,04,55000
2015,"San Tan Valley CDP, Arizona",16000US0464210,82797,,,18733,,,,,31.3,,177200,61441,61441,9257,5757,04,64210
2015,"Scottsdale city, Arizona",16000US0465000,236844,,,24766,,,,,46.9,108501,434700,75346,75346,26006,27207,04,65000
2015,"Surprise city, Arizona",16000US0471510,128442,89201,7448,25366,1562,267,280,680,39.4,44180,213900,65688,65688,9303,9929,04,71510
2015,"Tempe city, Arizona",16000US0473000,175826,99348,9698,44404,14561,2939,532,0,28.8,67325,246200,51688,51688,32891,26620,04,73000
2015,"Tucson city, Arizona",16000US0477000,531674,237855,24815,231025,15992,9578,526,349,33.6,206448,139400,38155,38155,127626,82220,04,77000
2015,"Yuma city, Arizona",16000US0485540,94145,32582,2583,57054,562,252,0,72,33.4,34467,125500,43663,43663,18290,19326,04,85540
2015,"Fayetteville city, Arkansas",16000US0523290,82832,,,5535,,,,,27.1,33227,182600,39546,39546,17889,6313,05,23290
2015,"Fort Smith city, Arkansas",16000US0524550,88195,,,17104,,,,,34.9,35543,116300,33534,33534,25647,13177,05,24550
2015,"Jonesboro city, Arkansas",16000US0535710,73906,,,4614,,,,,32.6,28816,139000,38094,38094,12887,3222,05,35710
2015,"Little Rock city, Arkansas",16000US0541000,197986,,,15500,,,,,36.6,82603,162000,44251,44251,37451,16640,05,41000
2015,"North Little Rock city, Arkansas",16000US0550450,66506,,,4860,,,,,33.6,25116,130700,39686,39686,23339,2787,05,50450
2015,"Springdale city, Arkansas",16000US0566080,80454,41311,1454,30200,1239,259,5227,0,31.8,26151,151000,48953,48953,15049,19969,05,66080
2015,"Alameda city, California",16000US0600562,78614,35134,6035,8265,23273,293,758,293,41.4,30710,738000,92225,92225,5651,18841,06,00562
2015,"Alhambra city, California",16000US0600884,85572,8607,1399,31386,43084,0,243,39,41,29362,562500,51641,51641,13546,44441,06,00884
2015,"Anaheim city, California",16000US0602000,350738,87307,7722,201593,47374,326,1113,159,33.6,99991,482700,63104,63104,52668,137133,06,02000
2015,"Antioch city, California",16000US0602252,110542,34518,21411,35563,10960,439,2698,464,34,33214,348200,68800,68800,14505,24942,06,02252
2015,"Apple Valley town, California",16000US0602364,72185,,,25928,,,,,34.3,23644,217500,44498,44498,17170,5801,06,02364
2015,"Arden-Arcade CDP, California",16000US0602553,96276,59704,11079,15273,5938,438,0,163,41.5,43562,331000,46720,46720,19026,13458,06,02553
2015,"Bakersfield city, California",16000US0603526,373627,126270,29609,180241,29035,1316,354,152,30.6,114383,237600,61039,61039,64117,71575,06,03526
2015,"Baldwin Park city, California",16000US0603666,77056,,,56282,,,,,35.8,18541,357700,47502,47502,14770,34322,06,03666
2015,"Bellflower city, California",16000US0604982,78434,,,42472,,,,,33.4,21729,432700,50692,50692,12342,24607,06,04982
2015,"Berkeley city, California",16000US0606000,120971,68118,8818,15429,22196,359,100,172,32.5,46277,888300,73462,73462,20877,25000,06,06000
2015,"Buena Park city, California",16000US0608786,83264,22920,790,32915,23308,113,1573,0,35.7,23264,483500,68656,68656,15067,28430,06,08786
2015,"Burbank city, California",16000US0608954,105314,,,22089,,,,,37,41633,664700,70816,70816,13842,32435,06,08954
2015,"Camarillo city, California",16000US0610046,67623,43286,878,16186,5056,28,0,479,40.8,24247,548200,85495,85495,6140,9735,06,10046
2015,"Carlsbad city, California",16000US0611194,113466,,,12969,,,,,42.1,42216,704600,96346,96346,5666,17689,06,11194
2015,"Carmichael CDP, California",16000US0611390,63215,,,9291,,,,,41,25951,331500,51844,51844,13846,7378,06,11390
2015,"Carson city, California",16000US0611530,93296,7164,18453,32938,29316,582,2389,123,40.4,24956,421600,77162,77162,7615,33860,06,11530
2015,"Chico city, California",16000US0613014,90336,64847,1191,15578,4530,202,134,66,29.9,34919,278600,45598,45598,23003,8425,06,13014
2015,"Chino city, California",16000US0613210,85599,19392,4362,45495,10926,389,24,34,36.5,17610,415900,72155,72155,7984,18666,06,13210
2015,"Chino Hills city, California",16000US0613214,78313,,,22539,,,,,41.9,25659,590200,102890,102890,2878,24764,06,13214
2015,"Chula Vista city, California",16000US0613392,265754,44951,12551,156522,41469,297,1354,2243,34.6,79461,440400,66868,66868,28080,82710,06,13392
2015,"Citrus Heights city, California",16000US0613588,87053,62587,4612,14661,2215,109,196,0,37.8,34610,249300,49808,49808,10500,9466,06,13588
2015,"Clovis city, California",16000US0614218,104172,62224,2554,23744,12355,163,0,476,37.8,37621,276400,62863,62863,11042,13409,06,14218
2015,"Compton city, California",16000US0615044,98448,,,67523,,,,,30.1,23978,306200,45676,45676,21280,30660,06,15044
2015,"Concord city, California",16000US0616000,128668,63176,4990,41400,13732,86,936,256,39.6,46885,463700,72114,72114,14306,37428,06,16000
2015,"Corona city, California",16000US0616350,164242,65264,7736,68592,18041,328,162,218,37.1,55011,412200,71291,71291,18013,42131,06,16350
2015,"Costa Mesa city, California",16000US0616532,113186,60095,2688,38239,7676,542,1256,411,34.8,42871,657100,72128,72128,15200,26645,06,16532
2015,"Daly City city, California",16000US0617918,106574,14515,4557,24316,57607,77,2255,303,39.7,32434,633100,81355,81355,10744,56640,06,17918
2015,"Davis city, California",16000US0618100,67656,,,9041,,,,,26.3,24426,598800,58176,58176,19187,13997,06,18100
2015,"Downey city, California",16000US0619766,114211,,,84806,,,,,37.3,32932,518300,69860,69860,10958,39977,06,19766
2015,"East Los Angeles CDP, California",16000US0620802,119666,,,116211,,,,,32.6,31853,357000,41220,41220,26088,49575,06,20802
2015,"El Cajon city, California",16000US0621712,103688,57692,5406,31542,2580,168,873,973,32.7,32120,388000,49227,49227,21149,31865,06,21712
2015,"Elk Grove city, California",16000US0622020,166890,59837,15755,28781,49652,230,3014,39,36.1,49724,350300,84454,84454,13378,38693,06,22020
2015,"El Monte city, California",16000US0622230,116745,,,77523,,,,,37.3,31474,413600,41632,41632,25412,59655,06,22230
2015,"Escondido city, California",16000US0622804,151458,56326,3735,73793,12593,260,393,880,33.3,45676,384900,54284,54284,23548,46298,06,22804
2015,"Fairfield city, California",16000US0623182,112972,38262,15566,32976,17710,415,1590,91,34.7,35392,345500,70776,70776,13280,24503,06,23182
2015,"Florence-Graham CDP, California",16000US0624477,66359,,,60895,,,,,30.2,14511,291800,40310,40310,16429,28696,06,24477
2015,"Folsom city, California",16000US0624638,76368,50581,2973,5822,13149,211,627,0,40.9,27044,466700,105278,105278,3918,13234,06,24638
2015,"Fontana city, California",16000US0624680,207472,21826,13794,156134,11947,203,224,289,29.5,49811,322100,64297,64297,35679,61448,06,24680
2015,"Fremont city, California",16000US0626000,232191,51335,5912,29594,132210,497,3848,395,38.3,73846,784400,112263,112263,11143,109427,06,26000
2015,"Fresno city, California",16000US0627000,520072,142377,38738,256145,68079,3499,982,928,30,163473,203700,43494,43494,144807,103453,06,27000
2015,"Fullerton city, California",16000US0628000,140849,48013,2946,53459,30770,197,244,87,34.5,46220,611300,68801,68801,17566,43404,06,28000
2015,"Garden Grove city, California",16000US0629000,175384,34231,992,66038,70118,1105,466,38,37.8,47381,472500,58123,58123,30814,80677,06,29000
2015,"Glendale city, California",16000US0630000,201025,124226,3281,30807,37251,0,288,547,42.1,74215,687400,58076,58076,25800,111510,06,30000
2015,"Hawthorne city, California",16000US0632548,88444,9355,19962,50115,6962,156,132,686,33.7,29545,465700,41933,41933,18818,32107,06,32548
2015,"Hayward city, California",16000US0633000,158300,26378,16203,64880,41264,607,3388,23,34.3,46909,471800,74723,74723,16700,60970,06,33000
2015,"Hemet city, California",16000US0633182,83873,34324,6174,37448,3176,287,649,121,36.8,27881,191900,36334,36334,20953,13330,06,33182
2015,"Hesperia city, California",16000US0633434,93286,31343,4703,53765,1130,1202,65,461,29.4,26458,191300,46169,46169,25668,16667,06,33434
2015,"Huntington Beach city, California",16000US0636000,201927,124016,2455,42303,22514,1178,643,916,41.6,75158,718700,85778,85778,19871,35368,06,36000
2015,"Indio city, California",16000US0636448,87526,,,58852,,,,,35.9,28165,248600,52343,52343,13494,22538,06,36448
2015,"Inglewood city, California",16000US0636546,111656,4727,41530,60873,1677,0,71,265,34.9,35250,385900,42122,42122,24856,34171,06,36546
2015,"Irvine city, California",16000US0636770,256927,102216,7296,19266,116289,112,362,493,34.6,91186,777000,93781,93781,36411,116366,06,36770
2015,"Jurupa Valley city, California",16000US0637692,100314,25927,2489,66525,4087,50,69,0,33.8,25741,325600,61042,61042,16410,25338,06,37692
2015,"Laguna Niguel city, California",16000US0639248,65812,,,9203,,,,,45.8,25350,738200,86662,86662,5164,12571,06,39248
2015,"Lake Forest city, California",16000US0639496,82497,,,17410,,,,,40.3,29726,590200,87084,87084,7896,20784,06,39496
2015,"Lakewood city, California",16000US0639892,81592,30287,5281,24987,17374,98,2042,77,39.9,26001,475000,82027,82027,4718,18274,06,39892
2015,"Lancaster city, California",16000US0640130,161113,59065,32301,57423,7222,173,0,188,30.9,47372,221000,49729,49729,36404,17247,06,40130
2015,"Livermore city, California",16000US0641992,88117,51553,1452,19582,10660,202,109,80,36.7,30146,654000,110212,110212,4558,13959,06,41992
2015,"Long Beach city, California",16000US0643000,474172,131199,56759,207890,58091,2388,4872,831,34.6,167660,483700,54971,54971,89600,127764,06,43000
2015,"Los Angeles city, California",16000US0644000,3971896,1119405,355984,1936732,451761,6061,5795,14467,35,1360164,542100,52024,52024,800902,1485425,06,44000
2015,"Lynwood city, California",16000US0644574,72005,,,63377,,,,,29.4,15616,347000,46241,46241,14663,28061,06,44574
2015,"Manteca city, California",16000US0645484,75450,,,31552,,,,,35.3,23005,325500,60716,60716,11411,13942,06,45484
2015,"Menifee city, California",16000US0646842,87163,42865,4839,29790,4564,668,289,49,37.1,28384,294000,57204,57204,13113,12481,06,46842
2015,"Merced city, California",16000US0646898,82440,23508,3960,43684,8114,228,20,0,29.7,25848,204400,34321,34321,28618,16348,06,46898
2015,"Milpitas city, California",16000US0647766,77617,,,11815,,,,,36.8,22756,712000,102200,102200,4979,39436,06,47766
2015,"Mission Viejo city, California",16000US0648256,97163,63328,889,18913,10096,39,181,195,44.9,33575,648600,106104,106104,4932,17308,06,48256
2015,"Modesto city, California",16000US0648354,211257,94767,6762,85141,15598,940,2123,0,35.2,70114,234900,51901,51901,45227,39613,06,48354
2015,"Moreno Valley city, California",16000US0649270,204181,36819,32679,120610,9768,149,1047,63,30.7,52091,260900,56025,56025,31280,54442,06,49270
2015,"Mountain View city, California",16000US0649670,80438,38822,1091,16397,20805,80,0,167,33.5,32514,1149900,120102,120102,3926,31857,06,49670
2015,"Murrieta city, California",16000US0650076,109816,51506,6940,32944,11862,443,591,0,35.3,33068,372300,74594,74594,12303,19875,06,50076
2015,"Napa city, California",16000US0650258,80429,,,33229,,,,,37.2,27905,543500,74315,74315,8397,18449,06,50258
2015,"Newport Beach city, California",16000US0651182,87131,,,8127,,,,,46.8,36146,1709300,123351,123351,5982,15318,06,51182
2015,"Norwalk city, California",16000US0652526,107145,9959,4591,76020,14969,393,220,317,35,27139,386600,58957,58957,12558,39396,06,52526
2015,"Oakland city, California",16000US0653000,419278,117575,101116,114054,63735,1505,1679,2079,35.7,161104,557000,58807,58807,81919,113896,06,53000
2015,"Oceanside city, California",16000US0653322,175714,80823,9148,62100,14377,205,1658,281,39.4,64200,421000,60720,60720,24774,37492,06,53322
2015,"Ontario city, California",16000US0653896,171200,26687,10744,118292,11661,116,191,419,31,48463,335700,57361,57361,29993,48557,06,53896
2015,"Orange city, California",16000US0653980,140995,69834,2415,46255,19105,99,127,63,35,42686,614500,83429,83429,17070,34550,06,53980
2015,"Oxnard city, California",16000US0654652,207252,27135,4971,154911,15408,136,1022,520,31,50396,408400,59830,59830,36131,78678,06,54652
2015,"Palmdale city, California",16000US0655156,158350,35483,23210,87452,8984,494,55,364,32.6,44629,235000,52014,52014,27985,41974,06,55156
2015,"Palo Alto city, California",16000US0655282,66848,,,3496,,,,,40.2,26030,2000001,147737,147737,4391,23348,06,55282
2015,"Pasadena city, California",16000US0656000,142246,50876,13535,52717,20045,236,60,1338,37.6,52636,693300,77312,77312,21441,40779,06,56000
2015,"Perris city, California",16000US0656700,74959,,,54398,,,,,26.9,15614,229500,55074,55074,17067,23277,06,56700
2015,"Pittsburg city, California",16000US0657456,69427,12960,12616,28605,11240,49,694,307,34.5,21934,327500,61878,61878,11856,21043,06,57456
2015,"Pleasanton city, California",16000US0657792,79519,41426,1284,7949,24691,232,890,40,41.3,27610,869900,134801,134801,3251,23208,06,57792
2015,"Pomona city, California",16000US0658072,153252,16279,9508,108787,14338,458,365,369,32.1,40843,348400,51266,51266,26788,53879,06,58072
2015,"Rancho Cordova city, California",16000US0659444,71026,33318,5967,13970,10595,534,961,303,33.8,24656,239500,59552,59552,11087,17020,06,59444
2015,"Rancho Cucamonga city, California",16000US0659451,175232,61786,19542,65823,20392,894,2321,68,34.5,54106,466400,80720,80720,16756,33878,06,59451
2015,"Redding city, California",16000US0659920,91579,71153,1503,9143,4510,2590,0,0,38.8,36937,253100,45490,45490,16389,5181,06,59920
2015,"Redlands city, California",16000US0659962,71028,38353,5686,19698,5163,267,294,138,36.2,24203,344000,66148,66148,8795,8681,06,59962
2015,"Redondo Beach city, California",16000US0660018,68185,,,8858,,,,,43,29119,802800,101592,101592,2651,13536,06,60018
2015,"Redwood City city, California",16000US0660102,85300,38314,1507,29011,12627,86,1015,264,37.1,31716,1053600,97750,97750,8225,27652,06,60102
2015,"Rialto city, California",16000US0660466,103137,9709,10193,78571,3209,372,0,133,31.6,26750,280800,52080,52080,16764,32741,06,60466
2015,"Richmond city, California",16000US0660620,109715,18076,23893,45132,18183,192,257,659,35.3,37778,376700,56374,56374,18784,42215,06,60620
2015,"Riverside city, California",16000US0662000,322423,108958,19344,160697,20214,1289,1574,322,31.4,92408,317600,61279,61279,49682,69584,06,62000
2015,"Roseville city, California",16000US0662938,130282,83366,2819,23499,14271,293,423,0,38.4,47520,380900,72312,72312,11591,18161,06,62938
2015,"Sacramento city, California",16000US0664000,490715,155784,63447,150153,88422,2095,5388,2368,33.7,177131,287300,52151,52151,98204,112579,06,64000
2015,"Salinas city, California",16000US0664224,157386,22866,1344,121196,8691,625,51,505,30.4,41925,340600,52334,52334,33507,58693,06,64224
2015,"San Bernardino city, California",16000US0665000,216137,33328,28714,136214,10584,586,1084,592,28.5,57585,201300,35932,35932,66498,55135,06,65000
2015,"San Buenaventura (Ventura) city, California",16000US0665042,109717,,,38463,,,,,37.7,40166,480600,70627,70627,10636,18025,06,65042
2015,"San Clemente city, California",16000US0665084,65532,,,10421,,,,,45.2,24662,880900,100187,100187,2912,8109,06,65084
2015,"San Diego city, California",16000US0666000,1394907,596828,89678,425414,221127,2285,5754,2133,34.5,497663,526900,67871,67871,212994,373842,06,66000
2015,"San Francisco city, California",16000US0667000,864816,353005,43448,132114,298331,1229,3148,3312,38.3,356916,941400,92094,92094,105206,297199,06,67000
2015,"San Jose city, California",16000US0668000,1026919,268948,30068,331232,355777,2053,2587,4167,36.5,323133,717100,91451,91451,96229,401493,06,68000
2015,"San Leandro city, California",16000US0668084,90711,19254,8786,26894,31920,235,271,165,41.8,32325,473500,59070,59070,9001,34293,06,68084
2015,"San Marcos city, California",16000US0668196,92934,,,35164,,,,,35.4,29407,466600,66318,66318,13698,21558,06,68196
2015,"San Mateo city, California",16000US0668252,103524,45015,1994,23151,25855,176,2498,86,39.3,38658,934500,100238,100238,6571,34957,06,68252
2015,"San Ramon city, California",16000US0668378,76132,,,5449,,,,,39.1,24569,887100,125832,125832,4151,29691,06,68378
2015,"Santa Ana city, California",16000US0669000,335423,28149,4151,262436,35699,633,1135,1012,30.8,72177,437500,54392,54392,69778,152999,06,69000
2015,"Santa Barbara city, California",16000US0669070,91852,53513,1496,31102,4069,287,0,0,37.8,36016,952600,64414,64414,11957,19441,06,69070
2015,"Santa Clara city, California",16000US0669084,126216,40266,3608,22402,54578,446,1296,31,35.2,43971,846000,108886,108886,8524,52281,06,69084
2015,"Santa Clarita city, California",16000US0669088,182367,92841,6078,56944,19387,518,73,255,38.1,59863,456900,85916,85916,11769,40666,06,69088
2015,"Santa Maria city, California",16000US0669196,105082,,,81551,,,,,30.1,27144,302000,52170,52170,22724,39192,06,69196
2015,"Santa Monica city, California",16000US0670000,93219,,,14973,,,,,40.6,45678,1228600,85062,85062,8909,24448,06,70000
2015,"Santa Rosa city, California",16000US0670098,174989,98316,3772,54578,8973,1311,620,349,37.9,63648,478800,62329,62329,22617,33015,06,70098
2015,"Simi Valley city, California",16000US0672016,126766,75437,1217,34032,12014,342,0,142,39,40269,512900,93438,93438,6764,23260,06,72016
2015,"South Gate city, California",16000US0673080,96399,,,91312,,,,,32.5,24276,354000,45438,45438,16577,40571,06,73080
2015,"South San Francisco city, California",16000US0673262,67271,12578,1658,29173,21202,0,1037,82,39.4,19995,699100,96822,96822,6722,27528,06,73262
2015,"Stockton city, California",16000US0675000,305650,65251,32307,128216,65481,453,978,414,32.5,94561,224300,46795,46795,65239,79583,06,75000
2015,"Sunnyvale city, California",16000US0677000,151760,50385,3325,25638,64856,0,2247,70,35.7,55157,992400,112217,112217,11086,71441,06,77000
2015,"Temecula city, California",16000US0678120,112026,57338,3265,36246,9723,763,229,64,34.2,33487,389600,80495,80495,6467,18884,06,78120
2015,"Thousand Oaks city, California",16000US0678582,129329,,,26754,,,,,44.8,45593,684400,108322,108322,3847,25330,06,78582
2015,"Torrance city, California",16000US0680000,148468,60652,4596,25699,48183,383,1469,600,41.2,54436,713000,79921,79921,13380,43096,06,80000
2015,"Tracy city, California",16000US0680238,87093,30969,3804,32810,14007,28,184,123,35.5,25423,392900,80166,80166,7865,25410,06,80238
2015,"Turlock city, California",16000US0680812,72293,,,23559,,,,,36.2,25993,256300,54842,54842,10002,14686,06,80812
2015,"Tustin city, California",16000US0680854,80563,,,33998,,,,,33.4,24433,585200,73800,73800,13155,25034,06,80854
2015,"Union City city, California",16000US0681204,74510,10310,4924,13207,41848,34,1540,79,38.5,21306,627000,96376,96376,3931,32752,06,81204
2015,"Upland city, California",16000US0681344,76447,,,30787,,,,,39.7,27427,488600,63771,63771,11923,16552,06,81344
2015,"Vacaville city, California",16000US0681554,96794,47723,12819,23395,5962,120,127,304,35.8,31103,357500,76489,76489,9543,10577,06,81554
2015,"Vallejo city, California",16000US0681666,121269,31552,23876,28977,29118,163,1769,112,37.8,42429,290100,56923,56923,18300,30592,06,81666
2015,"Victorville city, California",16000US0682590,122236,31660,17736,60569,4972,241,45,84,30.6,33774,183800,47693,47693,26097,21959,06,82590
2015,"Visalia city, California",16000US0682954,130094,53664,1485,63482,8091,470,174,50,32.6,41345,189700,52599,52599,28565,20779,06,82954
2015,"Vista city, California",16000US0682996,100884,39980,4238,49524,5300,0,35,0,29.3,28142,446800,67421,67421,18981,23271,06,82996
2015,"Walnut Creek city, California",16000US0683346,68906,,,5212,,,,,47.6,30572,711200,91812,91812,2286,13624,06,83346
2015,"West Covina city, California",16000US0684200,108489,14686,2796,58907,29158,138,268,47,39.8,30233,459500,78140,78140,8207,37038,06,84200
2015,"Westminster city, California",16000US0684550,92111,24094,1365,19111,44484,420,100,0,42.9,28002,553100,55385,55385,16542,42227,06,84550
2015,"Whittier city, California",16000US0685292,87436,20857,652,61249,2739,55,83,377,36.1,27548,500000,70256,70256,8961,17145,06,85292
2015,"Yorba Linda city, California",16000US0686832,67966,,,10599,,,,,45.5,22559,784600,121102,121102,3193,15532,06,86832
2015,"Yuba City city, California",16000US0686972,66944,28046,876,20890,12916,206,336,58,34.5,22787,234000,48828,48828,11363,18032,06,86972
2015,"Arvada city, Colorado",16000US0803455,115035,91045,2227,16419,1837,706,0,179,41,46055,303600,69596,69596,9209,4921,08,03455
2015,"Aurora city, Colorado",16000US0804000,358870,163191,51401,109396,17151,1038,1311,2272,34.2,126466,227300,58445,58445,44264,65816,08,04000
2015,"Boulder city, Colorado",16000US0807850,107342,,,9795,,,,,29,43447,583600,58547,58547,20035,12993,08,07850
2015,"Broomfield city, Colorado",16000US0809280,65065,,,8065,,,,,36.8,25557,342800,84921,84921,2973,5316,08,09280
2015,"Centennial city, Colorado",16000US0812815,109726,90139,2960,8086,5459,196,60,317,42.4,40543,369800,96634,96634,4203,9501,08,12815
2015,"Colorado Springs city, Colorado",16000US0816000,456562,314395,28084,78711,14564,1568,1266,2029,34.8,181690,228600,56079,56079,55114,35320,08,16000
2015,"Denver city, Colorado",16000US0820000,682545,365869,62563,207847,22997,3522,363,2120,34.1,287074,316700,58003,58003,104385,113222,08,20000
2015,"Fort Collins city, Colorado",16000US0827425,161181,132952,2158,15521,5161,797,43,91,29.6,62631,302500,61514,61514,26537,9704,08,27425
2015,"Greeley city, Colorado",16000US0832155,100883,56024,1941,39271,1799,715,61,0,31,34611,194500,54307,54307,15925,11480,08,32155
2015,"Highlands Ranch CDP, Colorado",16000US0836410,102467,,,8393,,,,,39.6,37655,393700,111693,111693,4421,8827,08,36410
2015,"Lakewood city, Colorado",16000US0843000,152589,106565,1413,33630,5723,421,0,823,37.7,65646,305500,60984,60984,13444,14169,08,43000
2015,"Longmont city, Colorado",16000US0845970,92221,,,24846,,,,,36.8,34888,282800,59333,59333,12651,10424,08,45970
2015,"Loveland city, Colorado",16000US0846465,75188,,,13567,,,,,37.6,29515,247900,61377,61377,5724,3050,08,46465
2015,"Pueblo city, Colorado",16000US0862000,109419,47024,2023,57579,792,786,0,98,37.6,43203,124700,36267,36267,26390,3578,08,62000
2015,"Thornton city, Colorado",16000US0877290,133459,72646,2619,49241,5496,593,83,0,33.1,44755,255500,72697,72697,12764,17949,08,77290
2015,"Westminster city, Colorado",16000US0883835,113117,77792,1970,23355,7246,49,100,142,37.8,42844,275300,70212,70212,8838,11361,08,83835
2015,"Bridgeport city, Connecticut",16000US0908000,147619,32719,43746,59036,5855,18,71,1017,34.1,49811,167100,42420,42420,29360,44475,09,08000
2015,"Danbury city, Connecticut",16000US0918430,84662,,,25145,,,,,37.3,29775,279400,65517,65517,11471,25675,09,18430
2015,"Hartford city, Connecticut",16000US0937000,124014,17092,44739,55959,3722,0,0,950,31,44867,159200,34240,34240,33149,28467,09,37000
2015,"New Britain city, Connecticut",16000US0950370,72809,31617,7293,30188,1818,0,0,18,33.4,27834,162300,40485,40485,18807,15080,09,50370
2015,"New Haven city, Connecticut",16000US0952000,130310,36825,39392,43563,6720,291,0,416,29.9,48690,194300,36641,36641,38341,25871,09,52000
2015,"Norwalk city, Connecticut",16000US0955990,88483,,,24682,,,,,42.4,32467,435900,85052,85052,8765,22328,09,55990
2015,"Stamford city, Connecticut",16000US0973000,128877,65105,18136,33197,9828,0,0,784,35.4,47256,510400,79865,79865,11927,44003,09,73000
2015,"Waterbury city, Connecticut",16000US0980000,108807,41079,23750,38222,3719,0,0,371,36.2,39441,129400,37877,37877,29157,19967,09,80000
2015,"Wilmington city, Delaware",16000US1077580,71957,,,5516,,,,,36.4,28002,160300,41035,41035,18074,3336,10,77580
2015,"Washington city, District of Columbia",16000US1150000,672228,241855,312914,71129,25633,959,367,2976,33.8,281787,551300,75628,75628,110500,95117,11,50000
2015,"Alafaya CDP, Florida",16000US1200410,85264,,,34897,,,,,33.5,28974,216000,67797,67797,9017,15842,12,00410
2015,"Boca Raton city, Florida",16000US1207300,93226,,,14735,,,,,47.3,40551,402100,71678,71678,9239,21117,12,07300
2015,"Boynton Beach city, Florida",16000US1207875,73972,,,12553,,,,,45.8,29848,160700,47739,47739,13045,15431,12,07875
2015,"Brandon CDP, Florida",16000US1208150,113968,55194,21119,26224,8301,221,0,445,36.1,41955,165700,57942,57942,14427,16390,12,08150
2015,"Cape Coral city, Florida",16000US1210275,175230,,,33016,,,,,45,61251,189900,51464,51464,25012,24185,12,10275
2015,"Clearwater city, Florida",16000US1212875,112979,,,17211,,,,,47,46240,173600,46344,46344,14854,17686,12,12875
2015,"Coral Springs city, Florida",16000US1214400,129502,55408,24904,40817,5206,146,0,729,37.2,40825,318800,70422,70422,15611,38552,12,14400
2015,"Davie town, Florida",16000US1216475,100894,,,35311,,,,,40.8,36504,234400,60959,60959,11169,26532,12,16475
2015,"Deerfield Beach city, Florida",16000US1216725,79769,,,12729,,,,,41.4,31863,158500,46582,46582,8873,23642,12,16725
2015,"Delray Beach city, Florida",16000US1217100,66261,,,6397,,,,,47.9,27741,258000,51551,51551,7491,16639,12,17100
2015,"Deltona city, Florida",16000US1217200,88474,45106,9975,31357,390,0,0,39,39.9,,119800,43661,43661,13306,7098,12,17200
2015,"Fort Lauderdale city, Florida",16000US1224000,178587,85533,58841,28148,3194,58,97,301,42.8,73817,308200,51247,51247,31295,47582,12,24000
2015,"Fort Myers city, Florida",16000US1224125,74015,,,17866,,,,,37.3,28441,173700,41586,41586,13316,15365,12,24125
2015,"Gainesville city, Florida",16000US1225175,130133,73603,29488,12208,11202,466,119,59,26,48617,143100,34313,34313,38898,15272,12,25175
2015,"Hialeah city, Florida",16000US1230000,237082,,,227508,,,,,43,71124,180400,29095,29095,68987,170148,12,30000
2015,"Hollywood city, Florida",16000US1232000,149721,60343,26910,53247,3455,280,108,537,41.4,56104,201200,46091,46091,28535,55158,12,32000
2015,"Homestead city, Florida",16000US1232275,66500,,,41910,,,,,31.4,18924,171000,41260,41260,16770,24408,12,32275
2015,"Jacksonville city, Florida",16000US1235000,868031,457998,263473,80064,38968,982,1121,802,35.7,323488,146500,48239,48239,139428,85650,12,35000
2015,"Kendall CDP, Florida",16000US1236100,76466,,,47521,,,,,40.2,26911,387500,72663,72663,5290,31180,12,36100
2015,"Kissimmee city, Florida",16000US1236950,69152,,,44120,,,,,36.7,22823,147600,40437,40437,18115,16879,12,36950
2015,"Lakeland city, Florida",16000US1238250,104410,,,16501,,,,,38.1,38975,115800,41007,41007,18417,11592,12,38250
2015,"Largo city, Florida",16000US1239425,81007,,,9561,,,,,45.1,35192,105500,39931,39931,13079,10489,12,39425
2015,"Lauderhill city, Florida",16000US1239550,71574,,,6089,,,,,35.7,23525,124200,37496,37496,15769,25471,12,39550
2015,"Lehigh Acres CDP, Florida",16000US1239925,119480,47091,26491,42092,888,0,0,168,34.3,33574,117500,42296,42296,24569,31880,12,39925
2015,"Melbourne city, Florida",16000US1243975,80136,,,6060,,,,,43.4,32825,135200,43056,43056,12138,9685,12,43975
2015,"Miami city, Florida",16000US1245000,440989,44793,70461,319942,2522,0,0,243,40.4,171720,286600,29989,29989,115076,260789,12,45000
2015,"Miami Beach city, Florida",16000US1245025,92311,38725,2702,47446,2459,0,0,642,42.5,43400,460000,50937,50937,13754,49908,12,45025
2015,"Miami Gardens city, Florida",16000US1245060,113199,,,23287,,,,,34.9,29814,157300,37672,37672,27947,33394,12,45060
2015,"Miramar city, Florida",16000US1245975,137115,15260,60688,46767,10844,0,0,853,36.6,40203,277500,70133,70133,15199,57179,12,45975
2015,"Orlando city, Florida",16000US1253000,270917,102822,61955,89306,7949,799,0,2049,33.1,111100,214400,44804,44804,50530,50558,12,53000
2015,"Palm Bay city, Florida",16000US1254000,107895,69808,18455,16841,656,781,0,332,40.7,38113,118100,45904,45904,15992,12070,12,54000
2015,"Palm Coast city, Florida",16000US1254200,82121,59143,9853,8706,2058,325,0,157,48.8,29739,175200,49629,49629,9358,9084,12,54200
2015,"Pembroke Pines city, Florida",16000US1255775,166624,61131,30196,60519,11556,471,27,942,40.3,56409,249500,62404,62404,8589,62210,12,55775
2015,"Pine Hills CDP, Florida",16000US1256825,76081,,,10496,,,,,29.2,23027,97900,35740,35740,18924,20735,12,56825
2015,"Plantation city, Florida",16000US1257425,92555,43972,16855,26401,2656,0,0,754,40.6,33712,315100,63702,63702,8663,27902,12,57425
2015,"Poinciana CDP, Florida",16000US1257900,73943,,,37382,,,,,34.2,,138500,45582,45582,14974,14349,12,57900
2015,"Pompano Beach city, Florida",16000US1258050,107771,44844,36249,23225,1089,283,0,176,42.5,40375,176200,43799,43799,24590,32733,12,58050
2015,"Port St. Lucie city, Florida",16000US1258715,179410,107808,28065,34240,4831,566,0,201,42.1,61310,158800,53222,53222,21696,34003,12,58715
2015,"Riverview CDP, Florida",16000US1260950,89746,,,23317,,,,,32.2,27869,184600,69797,69797,7388,12240,12,60950
2015,"St. Petersburg city, Florida",16000US1263000,257088,157033,63174,20483,9542,683,128,507,41.8,103788,170000,48858,48858,42571,28567,12,63000
2015,"Spring Hill CDP, Florida",16000US1268350,103197,,,15838,,,,,45.1,39446,126500,45090,45090,13989,7893,12,68350
2015,"Sunrise city, Florida",16000US1269700,92706,,,29163,,,,,37.7,30856,175600,55957,55957,10684,38209,12,69700
2015,"Tallahassee city, Florida",16000US1270600,189894,,,13538,,,,,26.2,74162,181600,40000,40000,51968,16720,12,70600
2015,"Tampa city, Florida",16000US1271000,369028,171125,81259,95154,12423,462,0,950,35.3,144582,189800,44432,44432,74848,58795,12,71000
2015,"The Villages CDP, Florida",16000US1271625,,,,1066,,,,,70.5,,256700,57379,57379,,,12,71625
2015,"Town 'n' Country CDP, Florida",16000US1272145,78996,29669,6793,37944,3154,161,0,0,38.1,30176,145800,48565,48565,14192,22135,12,72145
2015,"Weston city, Florida",16000US1276582,69947,,,36687,,,,,38.6,20939,436400,98963,98963,3594,30876,12,76582
2015,"West Palm Beach city, Florida",16000US1276600,106782,,,26132,,,,,39.6,41168,207500,49935,49935,17189,30675,12,76600
2015,"Albany city, Georgia",16000US1301052,71109,,,1783,,,,,33.3,28359,92600,31897,31897,21667,861,13,01052
2015,"Athens-Clarke County unified government (balance), Georgia",16000US1303440,122563,,,13159,,,,,26.5,46029,153400,31141,31141,43516,12868,13,03440
2015,"Atlanta city, Georgia",16000US1304000,463875,176998,239159,18653,20335,652,147,265,33.8,200503,241200,50210,50210,97650,32016,13,04000
2015,"Augusta-Richmond County consolidated government (balance), Georgia",16000US1304204,196579,69871,109703,9068,3770,469,0,1052,33.7,69567,101700,41190,41190,43728,7915,13,04204
2015,"Columbus city, Georgia",16000US1319000,200579,83725,89814,15180,4487,660,665,483,33.7,73961,137000,41859,41859,42431,10376,13,19000
2015,"Johns Creek city, Georgia",16000US1342425,83339,,,5924,,,,,39,26064,373700,116210,116210,3844,29000,13,42425
2015,"Macon-Bibb County, Georgia",16000US1349008,153459,61133,83284,4897,2839,195,0,0,36,59683,106700,38704,38704,38683,4846,13,49008
2015,"Roswell city, Georgia",16000US1367284,94496,,,16920,,,,,38.8,34758,332700,89088,89088,8587,16501,13,67284
2015,"Sandy Springs city, Georgia",16000US1368516,105347,,,13670,,,,,35.4,43687,415000,71996,71996,9207,19837,13,68516
2015,"Savannah city, Georgia",16000US1369000,145684,49475,77800,9734,4881,540,0,0,30.3,52331,141300,35827,35827,35145,10355,13,69000
2015,"Warner Robins city, Georgia",16000US1380508,74002,,,5378,,,,,31.4,29451,115600,45270,45270,13549,3210,13,80508
2015,"Urban Honolulu CDP, Hawaii",16000US1571550,352766,60170,6424,24586,189549,267,22247,345,41.4,126072,641900,64658,64658,41242,101312,15,71550
2015,"Boise City city, Idaho",16000US1608830,218280,,,19480,,,,,34.9,82631,209900,55309,55309,28524,13409,16,08830
2015,"Meridian city, Idaho",16000US1652120,90753,,,6596,,,,,38,35695,213100,54746,54746,9654,8110,16,52120
2015,"Nampa city, Idaho",16000US1656260,89850,,,22066,,,,,31.4,29557,132900,40884,40884,15271,6607,16,56260
2015,"Arlington Heights village, Illinois",16000US1702154,76996,,,2742,,,,,45.9,32014,344600,86298,86298,3684,14630,17,02154
2015,"Aurora city, Illinois",16000US1703012,203715,77159,20428,86653,15807,112,0,189,31.7,61166,169400,63355,63355,29555,50980,17,03012
2015,"Bloomington city, Illinois",16000US1706613,78295,,,3461,,,,,35.1,32583,171700,64339,64339,8830,7287,17,06613
2015,"Bolingbrook village, Illinois",16000US1707133,72096,,,16904,,,,,33.7,20989,206300,77929,77929,5921,15212,17,07133
2015,"Champaign city, Illinois",16000US1712385,86086,,,4015,,,,,28.7,34843,161200,48394,48394,19660,12261,17,12385
2015,"Chicago city, Illinois",16000US1714000,2720556,879318,834048,785725,166771,3938,396,4236,34.2,1053229,238500,50702,50702,556134,573463,17,14000
2015,"Cicero town, Illinois",16000US1714351,83867,,,76425,,,,,28.5,21428,157900,44664,44664,17073,33801,17,14351
2015,"Decatur city, Illinois",16000US1718823,72856,,,1709,,,,,40.4,31141,81300,41119,41119,17444,1224,17,18823
2015,"Elgin city, Illinois",16000US1723074,111076,,,48221,,,,,35.7,36761,172100,57097,57097,12004,30167,17,23074
2015,"Evanston city, Illinois",16000US1724582,75523,,,9075,,,,,36.8,29889,401000,70969,70969,9422,15003,17,24582
2015,"Joliet city, Illinois",16000US1738570,150025,,,45291,,,,,33.1,47074,163000,58363,58363,20280,22409,17,38570
2015,"Naperville city, Illinois",16000US1751622,147159,,,4928,,,,,38.5,52329,399200,105848,105848,8160,30399,17,51622
2015,"Palatine village, Illinois",16000US1757225,69269,,,18626,,,,,38,25724,278000,75997,75997,8728,21760,17,57225
2015,"Peoria city, Illinois",16000US1759000,118661,,,6874,,,,,33.1,47756,132100,49121,49121,22469,7517,17,59000
2015,"Rockford city, Illinois",16000US1765000,149346,82273,28584,28923,4779,370,0,335,36.3,57858,87200,40720,40720,32551,18323,17,65000
2015,"Schaumburg village, Illinois",16000US1768003,75811,,,12545,,,,,36.9,27763,227200,73537,73537,6067,24614,17,68003
2015,"Skokie village, Illinois",16000US1770122,64819,,,6590,,,,,43.4,23059,297900,67338,67338,5592,27424,17,70122
2015,"Springfield city, Illinois",16000US1772000,117809,,,2738,,,,,38.8,51364,129000,52102,52102,24267,4264,17,72000
2015,"Waukegan city, Illinois",16000US1779293,88347,,,54214,,,,,32.3,29510,117000,49203,49203,19516,30997,17,79293
2015,"Bloomington city, Indiana",16000US1805860,83815,,,3643,,,,,23.5,29579,199500,31115,31115,24826,10033,18,05860
2015,"Carmel city, Indiana",16000US1810342,89029,,,3111,,,,,39.9,32675,318800,108660,108660,4655,9645,18,10342
2015,"Evansville city, Indiana",16000US1822000,117679,,,3263,,,,,38,50419,89700,35293,35293,25848,3169,18,22000
2015,"Fishers town, Indiana",16000US1823278,86071,,,3409,,,,,34.5,,233500,109397,109397,3533,6138,18,23278
2015,"Fort Wayne city, Indiana",16000US1825000,258144,175487,37807,21234,11179,837,602,158,34.7,103574,105900,44977,44977,43329,19146,18,25000
2015,"Gary city, Indiana",16000US1827000,77354,,,6266,,,,,38.1,32637,68000,30467,30467,22745,1884,18,27000
2015,"Hammond city, Indiana",16000US1831000,77610,,,25320,,,,,36,29380,86600,41359,41359,17551,9224,18,31000
2015,"Indianapolis city (balance), Indiana",16000US1836003,848423,479376,234338,83426,25264,2488,0,1816,34.1,328431,123500,41278,41278,171019,72456,18,36003
2015,"Lafayette city, Indiana",16000US1840788,71170,,,9151,,,,,33.5,31907,106300,41328,41328,12784,5697,18,40788
2015,"Muncie city, Indiana",16000US1851876,69701,,,2499,,,,,27.4,26791,72700,32334,32334,21492,,18,51876
2015,"South Bend city, Indiana",16000US1871000,103757,55706,25752,16462,1377,145,161,91,32.4,37197,79500,36273,36273,26350,8779,18,71000
2015,"Ames city, Iowa",16000US1901855,65052,,,2024,,,,,23,25393,187700,42446,42446,15222,8606,19,01855
2015,"Cedar Rapids city, Iowa",16000US1912000,130405,,,5328,,,,,36.2,54931,135100,51011,51011,17960,5404,19,12000
2015,"Davenport city, Iowa",16000US1919000,102577,,,9131,,,,,35.2,41684,121500,49745,49745,15897,4065,19,19000
2015,"Des Moines city, Iowa",16000US1921000,210317,142247,21819,25306,13004,778,182,0,34.5,85023,119500,49072,49072,34149,23857,19,21000
2015,"Iowa City city, Iowa",16000US1938595,74227,,,4072,,,,,25.5,28675,195600,47593,47593,20391,9202,19,38595
2015,"Sioux City city, Iowa",16000US1973335,82776,,,15602,,,,,34.3,31015,106200,47584,47584,11848,7471,19,73335
2015,"Waterloo city, Iowa",16000US1982425,68457,,,4961,,,,,37.2,27941,111700,44153,44153,9476,5082,19,82425
2015,"Kansas City city, Kansas",16000US2036000,151261,59600,35706,44342,6515,465,23,0,33.4,55342,87600,41255,41255,33342,25507,20,36000
2015,"Lawrence city, Kansas",16000US2038900,93916,,,6435,,,,,27.4,33972,179100,46564,46564,21151,8701,20,38900
2015,"Olathe city, Kansas",16000US2052575,134316,102021,6546,16131,4774,169,0,0,33,44701,207700,80242,80242,7967,11913,20,52575
2015,"Overland Park city, Kansas",16000US2053775,186511,,,10104,,,,,38.2,77006,249000,81144,81144,10003,21407,20,53775
2015,"Shawnee city, Kansas",16000US2064500,65058,,,4864,,,,,40.1,24454,218200,88636,88636,5053,4136,20,64500
2015,"Topeka city, Kansas",16000US2071000,127257,88757,11124,18640,2360,962,0,0,37.1,52958,102800,43860,43860,22901,6711,20,71000
2015,"Wichita city, Kansas",16000US2079000,389955,244454,45254,65162,22725,2760,239,215,34.6,150497,124400,46894,46894,65862,40270,20,79000
2015,"Lexington-Fayette urban county, Kentucky",16000US2146027,314488,226587,44353,21766,11062,186,67,754,34.4,129088,170200,51948,51948,58992,28613,21,46027
2015,"Louisville/Jefferson County metro government (balance), Kentucky",16000US2148006,615389,414443,137294,28712,15200,773,424,977,37.5,245874,145000,48100,48100,100849,37875,21,48006
2015,"Baton Rouge city, Louisiana",16000US2205000,228596,,,7428,,,,,31.2,87286,172600,41224,41224,53910,12268,22,05000
2015,"Bossier City city, Louisiana",16000US2208920,68097,,,5589,,,,,32.7,27404,163200,46322,46322,11194,2980,22,08920
2015,"Kenner city, Louisiana",16000US2239475,67106,,,17769,,,,,36.9,25896,179200,44647,44647,12730,12352,22,39475
2015,"Lafayette city, Louisiana",16000US2240735,127661,,,6556,,,,,31.7,48597,186100,47830,47830,26889,5396,22,40735
2015,"Lake Charles city, Louisiana",16000US2241155,76066,,,3157,,,,,31.8,30987,152900,38256,38256,19525,3215,22,41155
2015,"Metairie CDP, Louisiana",16000US2250115,146458,105419,15502,19703,3334,86,0,395,41.6,61045,225100,53715,53715,17011,19871,22,50115
2015,"New Orleans city, Louisiana",16000US2255000,389617,121459,227343,21850,12027,715,0,1003,35.9,156591,216800,39077,39077,88852,21679,22,55000
2015,"Shreveport city, Louisiana",16000US2270000,196994,,,5081,,,,,35.2,75823,141000,38497,38497,45005,5658,22,70000
2015,"Portland city, Maine",16000US2360545,66872,,,2031,,,,,40.3,30427,267100,52139,52139,10143,9229,23,60545
2015,"Baltimore city, Maryland",16000US2404000,621849,175273,380555,29953,16894,743,282,1962,34.7,238400,155600,44165,44165,136746,49857,24,04000
2015,"Columbia CDP, Maryland",16000US2419125,103467,49107,26658,8033,15280,0,0,611,37.9,38325,368300,102431,102431,6704,23249,24,19125
2015,"Ellicott City CDP, Maryland",16000US2426000,70932,,,1602,,,,,42.4,25724,513700,113378,113378,2643,17587,24,26000
2015,"Frederick city, Maryland",16000US2430325,69482,,,13065,,,,,36.1,27298,254500,62500,62500,9153,14211,24,30325
2015,"Gaithersburg city, Maryland",16000US2431175,67445,,,18721,,,,,35.7,24544,356800,85854,85854,5486,28133,24,31175
2015,"Germantown CDP, Maryland",16000US2432025,84122,,,18202,,,,,34.9,28527,324900,85091,85091,5226,27877,24,32025
2015,"Glen Burnie CDP, Maryland",16000US2432650,69859,,,9137,,,,,36.5,26890,255900,66111,66111,4362,6971,24,32650
2015,"Rockville city, Maryland",16000US2467675,66998,,,9197,,,,,38.1,25426,550300,97377,97377,5581,25047,24,67675
2015,"Silver Spring CDP, Maryland",16000US2472450,82463,27283,19564,25924,6473,222,0,197,33.8,31646,504800,67623,67623,12528,30908,24,72450
2015,"Waldorf CDP, Maryland",16000US2481175,75512,,,4810,,,,,33.6,27896,251400,87223,87223,3797,5954,24,81175
2015,"Boston city, Massachusetts",16000US2507000,669469,299005,153039,130656,63260,691,47,7406,31.8,261492,453000,58263,58263,128385,190123,25,07000
2015,"Brockton city, Massachusetts",16000US2509000,95314,32389,39533,10890,2297,0,0,7707,35.2,32494,230600,43206,43206,20139,27313,25,09000
2015,"Cambridge city, Massachusetts",16000US2511000,110402,71561,9535,9433,16129,0,39,251,31.5,45569,665000,89847,89847,12086,27757,25,11000
2015,"Fall River city, Massachusetts",16000US2523000,88770,,,9081,,,,,39.3,39495,233000,39547,39547,18690,14775,25,23000
2015,"Framingham CDP, Massachusetts",16000US2524960,71210,44360,5339,13000,5474,638,0,799,40.3,27179,367100,70355,70355,7270,19070,25,24960
2015,"Lawrence city, Massachusetts",16000US2534550,80240,,,63175,,,,,30.8,24885,254800,36969,36969,20782,29170,25,34550
2015,"Lowell city, Massachusetts",16000US2537000,110720,50848,5486,22095,28452,242,0,1809,33.4,37880,242600,47727,47727,22643,33414,25,37000
2015,"Lynn city, Massachusetts",16000US2537490,92459,36057,11372,33250,8093,58,0,1065,34.8,32635,272800,49332,49332,18014,29899,25,37490
2015,"New Bedford city, Massachusetts",16000US2545000,94959,59765,5835,18336,1297,7,0,6602,38.6,38826,212900,36808,36808,20984,19024,25,45000
2015,"Newton city, Massachusetts",16000US2545560,88809,,,4790,,,,,42.3,29902,809700,126649,126649,3537,21692,25,45560
2015,"Quincy city, Massachusetts",16000US2555745,93629,,,2566,,,,,41,38674,389700,66415,66415,11833,32935,25,55745
2015,"Somerville city, Massachusetts",16000US2562535,80334,,,8790,,,,,31,31837,555500,86012,86012,8550,22292,25,62535
2015,"Springfield city, Massachusetts",16000US2567000,154336,48234,27817,69209,4544,314,0,193,31.8,53030,146700,38398,38398,40895,16226,25,67000
2015,"Worcester city, Massachusetts",16000US2582000,184806,104375,21375,39000,14105,612,0,1493,34.9,70553,206300,43572,43572,37269,36907,25,82000
2015,"Ann Arbor city, Michigan",16000US2603000,117070,81619,7703,5888,16882,428,49,478,28.1,48803,277500,55669,55669,23582,20717,26,03000
2015,"Dearborn city, Michigan",16000US2621000,95180,,,3533,,,,,33.5,31183,121700,51424,51424,28146,23920,26,21000
2015,"Detroit city, Michigan",16000US2622000,677124,64511,536527,53980,8790,1623,188,887,34.8,255580,42600,25980,25980,265097,39861,26,22000
2015,"Farmington Hills city, Michigan",16000US2627440,81332,,,2052,,,,,42.1,33505,234600,70393,70393,7332,18033,26,27440
2015,"Flint city, Michigan",16000US2629000,98297,,,2525,,,,,35.3,40143,25900,25342,25342,39109,2138,26,29000
2015,"Grand Rapids city, Michigan",16000US2634000,195099,119128,32423,31282,4451,284,109,253,32.1,73488,122000,41857,41857,43294,19176,26,34000
2015,"Kalamazoo city, Michigan",16000US2642160,76040,,,4114,,,,,26.4,29040,107000,36536,36536,22238,3482,26,42160
2015,"Lansing city, Michigan",16000US2646000,114110,61221,26122,14245,3941,286,0,0,31.4,47338,75800,37426,37426,30323,8371,26,46000
2015,"Livonia city, Michigan",16000US2649000,94633,,,1772,,,,,47.4,36943,167200,72061,72061,5536,7175,26,49000
2015,"Rochester Hills city, Michigan",16000US2669035,73432,,,3395,,,,,41.2,27224,277000,81124,81124,4202,13708,26,69035
2015,"Southfield city, Michigan",16000US2674900,73177,,,573,,,,,41.6,31613,136000,50557,50557,7870,4011,26,74900
2015,"Sterling Heights city, Michigan",16000US2676460,132062,,,2811,,,,,39.6,49296,162400,61809,61809,15851,34313,26,76460
2015,"Troy city, Michigan",16000US2680700,83276,,,2400,,,,,43.3,32004,271800,87447,87447,4241,21004,26,80700
2015,"Warren city, Michigan",16000US2684000,135356,,,3210,,,,,43.2,54688,104500,43379,43379,26102,18822,26,84000
2015,"Westland city, Michigan",16000US2686000,81995,,,2827,,,,,39.9,33719,105300,45538,45538,15062,6429,26,86000
2015,"Wyoming city, Michigan",16000US2688940,75277,47574,5891,15325,2771,85,0,78,32.8,28200,113600,44047,44047,10815,8612,26,88940
2015,"Bloomington city, Minnesota",16000US2706616,86436,,,8021,,,,,40.9,37129,230400,67845,67845,6971,10728,27,06616
2015,"Brooklyn Park city, Minnesota",16000US2707966,79150,,,4138,,,,,35.1,27645,192200,62164,62164,5892,17490,27,07966
2015,"Duluth city, Minnesota",16000US2717000,86126,,,1981,,,,,34.7,35407,154200,47832,47832,14387,2258,27,17000
2015,"Eagan city, Minnesota",16000US2717288,66288,47209,6306,4328,5397,104,0,118,36.8,26518,260600,78417,78417,3827,8642,27,17288
2015,"Maple Grove city, Minnesota",16000US2740166,68381,,,1685,,,,,38.6,,276300,89498,89498,1303,7645,27,40166
2015,"Minneapolis city, Minnesota",16000US2743000,410935,243709,78861,39981,26958,3233,0,593,32.4,173686,227500,54571,54571,77057,70769,27,43000
2015,"Plymouth city, Minnesota",16000US2751730,75928,,,3274,,,,,38.4,30438,319700,93203,93203,2808,8830,27,51730
2015,"Rochester city, Minnesota",16000US2754880,112216,,,6617,,,,,35,43018,170800,66340,66340,12289,17763,27,54880
2015,"St. Cloud city, Minnesota",16000US2756896,68253,56015,5588,2639,1765,419,0,0,30.7,26037,144400,43647,43647,13306,5757,27,56896
2015,"St. Paul city, Minnesota",16000US2758000,300840,159511,45599,27307,53415,1449,39,384,31.5,113148,186800,50267,50267,62061,56514,27,58000
2015,"Woodbury city, Minnesota",16000US2771428,67850,,,3258,,,,,37.7,24783,296700,101785,101785,3236,9477,27,71428
2015,"Gulfport city, Mississippi",16000US2829700,71872,,,4247,,,,,35.1,27744,115000,37268,37268,19138,3072,28,29700
2015,"Jackson city, Mississippi",16000US2836000,170811,,,3017,,,,,31.7,62092,92600,32482,32482,52240,1789,28,36000
2015,"Columbia city, Missouri",16000US2915670,119098,,,4956,,,,,26.8,46380,177400,44160,44160,27040,10729,29,15670
2015,"Independence city, Missouri",16000US2935000,117255,,,12236,,,,,38.6,49848,100200,42229,42229,23913,4911,29,35000
2015,"Kansas City city, Missouri",16000US2938000,475361,261360,140515,46037,13552,1089,432,880,35.9,198129,138400,50259,50259,83641,37787,29,38000
2015,"Lee's Summit city, Missouri",16000US2941348,95068,,,4504,,,,,36.8,35267,200300,75020,75020,5856,3803,29,41348
2015,"O'Fallon city, Missouri",16000US2954074,85032,,,2583,,,,,36,30486,201700,74961,74961,3309,3269,29,54074
2015,"St. Charles city, Missouri",16000US2964082,68801,,,4070,,,,,34.9,27024,183700,59006,59006,5382,5274,29,64082
2015,"St. Joseph city, Missouri",16000US2964550,76096,,,5400,,,,,35.7,27938,104600,46398,46398,13957,3755,29,64550
2015,"St. Louis city, Missouri",16000US2965000,315685,138178,146925,12261,8920,398,521,411,35,141312,130800,38397,38397,76506,21802,29,65000
2015,"Springfield city, Missouri",16000US2970000,166798,142108,7682,7100,4498,770,0,52,34.1,73469,113500,36107,36107,37596,7765,29,70000
2015,"Billings city, Montana",16000US3006550,110270,,,7526,,,,,36.3,44677,208200,58375,58375,10014,3206,30,06550
2015,"Missoula city, Montana",16000US3050200,71024,,,2474,,,,,34.7,31518,239500,37444,37444,11867,2771,30,50200
2015,"Lincoln city, Nebraska",16000US3128000,277346,223514,11743,20296,11622,1201,232,112,32.3,109923,155100,51503,51503,39974,22958,31,28000
2015,"Omaha city, Nebraska",16000US3137000,443887,293631,57546,63516,15243,1942,74,1608,34.2,175123,143200,51407,51407,72864,48263,31,37000
2015,"Enterprise CDP, Nevada",16000US3223770,135474,58148,11886,25307,29761,872,1712,802,34.1,46803,276200,70445,70445,12282,31173,32,23770
2015,"Henderson city, Nevada",16000US3231900,285658,193461,14149,47154,19775,1391,578,618,42.5,111269,273800,64035,64035,24103,35666,32,31900
2015,"Las Vegas city, Nevada",16000US3240000,623769,278444,68777,204913,41782,2115,3230,2142,37.5,220418,209400,49676,49676,100069,127609,32,40000
2015,"North Las Vegas city, Nevada",16000US3251800,234793,66037,46919,94804,14039,1061,1010,301,32.2,70203,185800,53952,53952,36601,49815,32,51800
2015,"Paradise CDP, Nevada",16000US3254600,236946,92465,20851,88347,23099,1015,3566,580,37.2,88699,197900,41646,41646,44528,66712,32,54600
2015,"Reno city, Nevada",16000US3260600,241443,148542,4942,59902,13987,1267,2018,718,35.7,95855,269200,50451,50451,39885,37070,32,60600
2015,"Sparks city, Nevada",16000US3268400,96098,53304,3013,29159,5639,1004,635,86,36.1,36485,243500,52453,52453,10945,15690,32,68400
2015,"Spring Valley CDP, Nevada",16000US3268585,193955,78919,22994,40374,39134,476,1072,799,37,69315,220400,49305,49305,28833,61072,32,68585
2015,"Sunrise Manor CDP, Nevada",16000US3271400,192608,49757,23629,99838,12134,1021,1199,103,32.5,59206,139900,39790,39790,44081,56530,32,71400
2015,"Manchester city, New Hampshire",16000US3345140,110223,,,11962,,,,,37.3,44840,209200,54596,54596,15384,14506,33,45140
2015,"Nashua city, New Hampshire",16000US3350260,87975,,,10511,,,,,38.3,35027,245200,67441,67441,9276,12693,33,50260
2015,"Bayonne city, New Jersey",16000US3403580,66303,,,19525,,,,,39.7,25200,308900,53731,53731,10456,21899,34,03580
2015,"Camden city, New Jersey",16000US3410000,76131,2741,29779,41473,1686,0,101,105,27.9,24454,84200,25643,25643,29850,11317,34,10000
2015,"Clifton city, New Jersey",16000US3413690,86341,,,33176,,,,,38.5,27497,331800,64700,64700,9276,27979,34,13690
2015,"East Orange city, New Jersey",16000US3419390,64962,,,6368,,,,,35.5,22433,225100,40723,40723,10983,15164,34,19390
2015,"Elizabeth city, New Jersey",16000US3421000,129012,15893,21956,86456,2488,0,0,1041,34.2,39923,262900,44016,44016,28422,63413,34,21000
2015,"Jersey City city, New Jersey",16000US3436000,264277,57533,53962,79718,63974,630,104,2761,34.3,101755,331100,59485,59485,54826,109186,34,36000
2015,"Newark city, New Jersey",16000US3451000,281913,30495,137090,100432,5938,684,0,4424,34.6,98524,235700,30966,30966,78569,86253,34,51000
2015,"Passaic city, New Jersey",16000US3456550,71082,,,53680,,,,,30.4,19864,285500,26922,26922,23086,24174,34,56550
2015,"Paterson city, New Jersey",16000US3457000,147757,15350,35925,85555,7930,0,0,112,34,43147,226300,31552,31552,44161,49810,34,57000
2015,"Toms River CDP, New Jersey",16000US3473110,87750,,,10267,,,,,43.7,31784,284700,75140,75140,5842,6852,34,73110
2015,"Trenton city, New Jersey",16000US3474000,84231,,,30613,,,,,33.3,26286,93700,35041,35041,21545,20428,34,74000
2015,"Union City city, New Jersey",16000US3474630,69149,9603,2289,53174,3358,0,0,289,35.4,24151,336700,45558,45558,16864,40553,34,74630
2015,"Albuquerque city, New Mexico",16000US3502000,559131,221994,17039,271854,13619,21601,296,1342,36,221855,189200,47096,47096,110402,58200,35,02000
2015,"Las Cruces city, New Mexico",16000US3539380,101644,33528,2921,60614,1887,814,0,136,32.7,38641,154200,40994,40994,22190,11888,35,39380
2015,"Rio Rancho city, New Mexico",16000US3563460,94155,46309,2798,38674,1162,2107,163,166,38.3,32761,180900,64475,64475,8103,5200,35,63460
2015,"Santa Fe city, New Mexico",16000US3570500,84112,34037,931,45884,997,976,0,280,44.1,34179,271000,53635,53635,10581,13824,35,70500
2015,"Albany city, New York",16000US3601000,98452,49820,26658,9368,7090,597,79,518,32.8,42243,172600,38267,38267,20754,11948,36,01000
2015,"Brentwood CDP, New York",16000US3608026,63792,,,40111,,,,,34.2,12538,284300,76941,76941,6166,27058,36,08026
2015,"Buffalo city, New York",16000US3611000,258066,113027,94282,29656,12597,951,85,161,33.1,109961,75800,32509,32509,82564,24630,36,11000
2015,"Cheektowaga CDP, New York",16000US3615000,76075,,,1994,,,,,40.7,32554,106600,52229,52229,8295,3532,36,15000
2015,"Mount Vernon city, New York",16000US3649121,68621,,,9446,,,,,38.5,23748,359400,58097,58097,10918,23777,36,49121
2015,"New Rochelle city, New York",16000US3650617,79838,33323,14942,23548,3887,5,0,2765,40.6,26875,571800,76496,76496,8799,26960,36,50617
2015,"New York city, New York",16000US3651000,8550405,2740997,1880360,2485125,1196134,13807,1654,71271,36,3129147,538300,55752,55752,1680857,3212500,36,51000
2015,"Rochester city, New York",16000US3663000,209808,76264,80998,38004,7700,583,0,141,31.4,84946,76900,31946,31946,66907,17735,36,63000
2015,"Schenectady city, New York",16000US3665508,65299,36196,12240,5957,3436,38,0,3566,36.7,21881,115400,46461,46461,11000,10961,36,65508
2015,"Syracuse city, New York",16000US3673000,144152,75531,39439,13368,8414,993,109,762,30.3,54231,93100,36457,36457,40571,17733,36,73000
2015,"Yonkers city, New York",16000US3684000,201118,82177,29401,73608,12680,92,82,1193,38,70902,359600,56979,56979,37060,61247,36,84000
2015,"Asheville city, North Carolina",16000US3702140,88507,,,4146,,,,,37.9,39098,201600,43061,43061,13808,6630,37,02140
2015,"Cary town, North Carolina",16000US3710740,160514,108856,13391,10327,23885,483,0,0,39.9,61376,322200,95374,95374,7226,30008,37,10740
2015,"Charlotte city, North Carolina",16000US3712000,827121,356507,282456,113731,50142,2450,46,2999,34.3,322872,188800,53919,53919,129143,128897,37,12000
2015,"Concord city, North Carolina",16000US3714100,87693,,,11301,,,,,35.7,31840,167900,52834,52834,9350,8847,37,14100
2015,"Durham city, North Carolina",16000US3719000,257598,99298,100523,36304,13919,765,0,406,33.2,103230,193100,52106,52106,44362,38642,37,19000
2015,"Fayetteville city, North Carolina",16000US3722920,201965,77760,80355,25080,5025,1705,441,493,30.7,76856,121700,40408,40408,36719,12863,37,22920
2015,"Gastonia city, North Carolina",16000US3725580,74550,,,6653,,,,,36.9,27432,134300,42713,42713,14456,5715,37,25580
2015,"Greensboro city, North Carolina",16000US3728000,285344,126137,117162,22147,11353,685,27,612,35.5,115301,148200,44934,44934,44445,26667,37,28000
2015,"Greenville city, North Carolina",16000US3728080,90588,,,4409,,,,,26.2,35455,150600,34305,34305,30472,4183,37,28080
2015,"High Point city, North Carolina",16000US3731400,109828,,,11446,,,,,35.5,40124,146000,40263,40263,26376,16315,37,31400
2015,"Jacksonville city, North Carolina",16000US3734200,67363,,,11947,,,,,24.2,,140000,41375,41375,6762,3732,37,34200
2015,"Raleigh city, North Carolina",16000US3755000,451949,238253,128976,51786,19987,1543,348,1647,32.8,178316,226500,56910,56910,67665,65125,37,55000
2015,"Wilmington city, North Carolina",16000US3774440,115947,,,6811,,,,,35.5,49501,221200,42232,42232,27158,7401,37,74440
2015,"Winston-Salem city, North Carolina",16000US3775000,241232,108914,83571,38321,5272,152,0,786,34.7,93621,145500,41287,41287,52091,24302,37,75000
2015,"Bismarck city, North Dakota",16000US3807200,70240,,,1667,,,,,38,32200,225600,57596,57596,8814,2064,38,07200
2015,"Fargo city, North Dakota",16000US3825700,119250,,,3567,,,,,30.7,52437,192400,45856,45856,15452,9428,38,25700
2015,"Akron city, Ohio",16000US3901000,197553,,,3684,,,,,38.1,86078,80600,34639,34639,49915,10024,39,01000
2015,"Canton city, Ohio",16000US3912000,71895,,,3597,,,,,33.4,29822,62700,30601,30601,21794,,39,12000
2015,"Cincinnati city, Ohio",16000US3915000,298537,147360,125621,9121,6259,416,0,684,32.7,137445,119000,35001,35001,78894,16896,39,15000
2015,"Cleveland city, Ohio",16000US3916000,388059,133998,194350,40603,7874,902,162,846,36,167667,66200,28831,28831,130811,18830,39,16000
2015,"Columbus city, Ohio",16000US3918000,849067,491602,233320,46855,42933,1328,145,3039,32.5,344839,137100,47401,47401,171009,101129,39,18000
2015,"Dayton city, Ohio",16000US3921000,140597,,,4945,,,,,32.8,56466,65700,30135,30135,41755,7381,39,21000
2015,"Lorain city, Ohio",16000US3944856,63651,30697,10776,19342,308,49,52,0,35.6,24989,82000,35447,35447,15410,1531,39,44856
2015,"Parma city, Ohio",16000US3961000,79943,,,5361,,,,,40.8,32577,110400,52093,52093,7134,6909,39,61000
2015,"Toledo city, Ohio",16000US3977000,279778,164305,76173,23614,5008,337,205,596,36.1,119100,78400,35289,35289,71722,9257,39,77000
2015,"Youngstown city, Ohio",16000US3988000,64609,26568,28040,7564,200,428,0,0,37.5,27542,42600,23984,23984,21884,1058,39,88000
2015,"Broken Arrow city, Oklahoma",16000US4009050,107595,77851,4503,9191,2997,2837,0,300,36.8,38613,162300,70242,70242,8551,6845,40,09050
2015,"Edmond city, Oklahoma",16000US4023200,90090,,,6187,,,,,32.5,32982,232500,73885,73885,8222,5585,40,23200
2015,"Lawton city, Oklahoma",16000US4041850,96659,48320,19707,13780,2918,4123,351,21,31.1,32083,112200,42635,42635,14175,6123,40,41850
2015,"Norman city, Oklahoma",16000US4052500,120297,87572,3687,11732,5260,2010,65,356,30.9,45369,180000,54159,54159,18822,8705,40,52500
2015,"Oklahoma City city, Oklahoma",16000US4055000,631263,339434,91042,117362,29486,16825,467,662,34.1,239137,148500,50739,50739,102933,80165,40,55000
2015,"Tulsa city, Oklahoma",16000US4075000,403091,221509,60766,61217,14017,17174,0,1036,35,167400,133700,43322,43322,83136,43751,40,75000
2015,"Beaverton city, Oregon",16000US4105350,96577,,,15452,,,,,35.6,38899,333000,56564,56564,14251,18933,41,05350
2015,"Bend city, Oregon",16000US4105800,87017,,,8173,,,,,37.3,36083,331300,52905,52905,12159,3032,41,05800
2015,"Eugene city, Oregon",16000US4123850,163448,126611,2755,17356,5878,1231,264,238,33.4,67091,262600,45927,45927,36603,14503,41,23850
2015,"Gresham city, Oregon",16000US4131250,110582,70564,5825,23576,3794,440,904,165,36.7,40733,236000,46457,46457,19867,17860,41,31250
2015,"Hillsboro city, Oregon",16000US4134100,102360,60253,2064,22169,11046,418,62,415,35.3,37588,276600,72242,72242,12087,19531,41,34100
2015,"Medford city, Oregon",16000US4147000,79795,60827,243,14294,1027,200,351,0,38.6,29396,232400,40806,40806,17477,6185,41,47000
2015,"Portland city, Oregon",16000US4159000,632187,449552,35362,61064,49811,3473,3341,1374,36.7,253820,348300,60892,60892,97777,86041,41,59000
2015,"Salem city, Oregon",16000US4164900,164543,109997,2823,39414,3436,944,2240,0,35.4,58456,203200,49037,49037,26678,19668,41,64900
2015,"Allentown city, Pennsylvania",16000US4202000,120207,41198,14684,59176,2326,43,0,41,33.5,43046,130600,37146,37146,28421,19652,42,02000
2015,"Bethlehem city, Pennsylvania",16000US4206088,74367,,,23409,,,,,35.1,27723,174600,47289,47289,9006,6295,42,06088
2015,"Erie city, Pennsylvania",16000US4224000,99470,69174,15382,7859,2497,233,0,48,35.3,40914,89000,35139,35139,25572,6275,42,24000
2015,"Philadelphia city, Pennsylvania",16000US4260000,1567442,551713,642257,219038,112224,2636,554,7525,34.1,581604,150700,41233,41233,393203,205339,42,60000
2015,"Pittsburgh city, Pennsylvania",16000US4261000,304385,192187,73012,9266,18067,145,52,637,32.9,131793,108400,41293,41293,64769,28187,42,61000
2015,"Reading city, Pennsylvania",16000US4263624,87873,21211,7070,57032,861,0,0,134,29.4,28665,69100,26531,26531,32964,17043,42,63624
2015,"Scranton city, Pennsylvania",16000US4269000,77112,,,11301,,,,,38.5,29947,98800,36630,36630,17458,8069,42,69000
2015,"Cranston city, Rhode Island",16000US4419180,81077,57976,5265,10418,4923,39,0,257,39.9,29917,223300,61963,61963,8267,10631,44,19180
2015,"Pawtucket city, Rhode Island",16000US4454640,71583,34942,12756,16117,1554,392,0,3565,39.2,29451,173100,43886,43886,11869,17884,44,54640
2015,"Providence city, Rhode Island",16000US4459000,179204,61492,21484,77968,10842,1448,211,621,29.9,60644,177400,39015,39015,46675,53532,44,59000
2015,"Warwick city, Rhode Island",16000US4474300,81698,,,4723,,,,,42.6,33701,203600,74570,74570,3911,5318,44,74300
2015,"Charleston city, South Carolina",16000US4513330,135524,,,3929,,,,,35,54065,293500,61993,61993,16200,5767,45,13330
2015,"Columbia city, South Carolina",16000US4516000,133393,64510,55135,7545,2482,0,368,355,28,44858,172400,41435,41435,23776,6074,45,16000
2015,"Mount Pleasant town, South Carolina",16000US4548535,81309,,,2569,,,,,42.7,31982,426500,82826,82826,4159,4701,45,48535
2015,"North Charleston city, South Carolina",16000US4550875,111864,,,12975,,,,,30.7,37642,160000,40365,40365,21063,8789,45,50875
2015,"Rock Hill city, South Carolina",16000US4561405,71567,,,2845,,,,,34.5,29906,130800,40885,40885,12795,2413,45,61405
2015,"Rapid City city, South Dakota",16000US4652980,73568,,,2971,,,,,39.5,30363,170400,49702,49702,8133,2375,46,52980
2015,"Sioux Falls city, South Dakota",16000US4659020,171530,,,9388,,,,,34.6,69613,166100,53802,53802,23174,12934,46,59020
2015,"Chattanooga city, Tennessee",16000US4714000,176597,,,10918,,,,,36.6,69963,151400,40004,40004,36684,10599,47,14000
2015,"Clarksville city, Tennessee",16000US4715160,149190,86843,34182,16004,4150,1101,659,147,29.7,55418,145400,46113,46113,21792,8211,47,15160
2015,"Franklin city, Tennessee",16000US4727740,72635,,,4916,,,,,38.3,26510,347700,91786,91786,6280,6876,47,27740
2015,"Jackson city, Tennessee",16000US4737640,66980,,,3383,,,,,35.3,25199,128800,43876,43876,12802,2097,47,37640
2015,"Johnson City city, Tennessee",16000US4738320,65369,,,1114,,,,,38.2,28201,163100,40481,40481,13940,2878,47,38320
2015,"Knoxville city, Tennessee",16000US4740000,185312,135391,31222,8640,3214,269,538,308,33.1,79736,125900,37200,37200,45746,10285,47,40000
2015,"Memphis city, Tennessee",16000US4748000,655760,172475,412473,46621,13596,317,492,1106,34.1,250324,94400,36908,36908,167723,43318,47,48000
2015,"Murfreesboro city, Tennessee",16000US4751560,126121,,,8840,,,,,30.2,46882,191300,52266,52266,19695,8948,47,51560
2015,"Nashville-Davidson metropolitan government (balance), Tennessee",16000US4752006,654596,365542,178293,67526,20577,2473,0,2691,34.1,265002,185000,51393,51393,108982,88193,47,52006
2015,"Abilene city, Texas",16000US4801000,125876,74987,12400,33222,1695,559,0,59,31.3,42507,113400,44176,44176,16961,8129,48,01000
2015,"Allen city, Texas",16000US4801924,98138,,,10615,,,,,37.2,32204,262900,100167,100167,3805,19649,48,01924
2015,"Amarillo city, Texas",16000US4803000,199651,110208,10206,65392,7982,601,473,0,33.8,74766,122100,50192,50192,32545,21124,48,03000
2015,"Arlington city, Texas",16000US4804000,388122,151644,87667,112078,27955,1107,523,480,32.6,132835,144900,53487,53487,65067,79271,48,04000
2015,"Atascocita CDP, Texas",16000US4804462,78240,,,20441,,,,,32.8,24994,175600,87235,87235,5807,8657,48,04462
2015,"Austin city, Texas",16000US4805000,931840,444638,68061,327680,69696,911,175,1323,32.7,364893,282700,62250,62250,131796,181686,48,05000
2015,"Baytown city, Texas",16000US4806128,75485,,,31672,,,,,32.9,28893,102500,51791,51791,12399,13192,48,06128
2015,"Beaumont city, Texas",16000US4807000,118110,,,18815,,,,,31.6,46133,99300,47570,47570,20130,10516,48,07000
2015,"Brownsville city, Texas",16000US4810768,183888,,,170041,,,,,30.6,52309,85100,34050,34050,60608,53301,48,10768
2015,"Bryan city, Texas",16000US4810912,82106,,,29647,,,,,29.4,30599,134500,44486,44486,17117,12014,48,10912
2015,"Carrollton city, Texas",16000US4813024,133146,,,46850,,,,,36.9,47577,193400,67365,67365,15655,35327,48,13024
2015,"Cedar Park city, Texas",16000US4813552,64837,,,11872,,,,,34.4,21212,242400,90762,90762,2524,5207,48,13552
2015,"College Station city, Texas",16000US4815976,107899,,,17784,,,,,22.9,38409,203500,37478,37478,30474,16145,48,15976
2015,"Conroe city, Texas",16000US4816432,68592,,,23863,,,,,31.5,25298,158200,50112,50112,11307,13839,48,16432
2015,"Corpus Christi city, Texas",16000US4817000,324082,99657,13308,200737,6949,541,84,222,35,117609,124300,51255,51255,59155,30834,48,17000
2015,"Dallas city, Texas",16000US4819000,1300082,379630,304850,549966,40340,1569,117,1097,32.6,495362,152400,45918,45918,288715,326825,48,19000
2015,"Denton city, Texas",16000US4819972,131047,,,29350,,,,,28.7,45529,170900,52023,52023,19714,18451,48,19972
2015,"Edinburg city, Texas",16000US4822660,84501,,,74698,,,,,29.3,25073,106700,41004,41004,26499,16569,48,22660
2015,"El Paso city, Texas",16000US4824000,681136,95656,25796,542017,9804,1961,0,1438,33.1,222557,118500,45069,45069,123877,159709,48,24000
2015,"Flower Mound town, Texas",16000US4826232,71024,,,6149,,,,,40.2,23575,309600,120084,120084,2169,6860,48,26232
2015,"Fort Worth city, Texas",16000US4827000,836969,333743,154861,296133,34176,2038,296,541,32.6,285173,136700,55888,55888,133496,143404,48,27000
2015,"Frisco city, Texas",16000US4827684,154388,95728,8809,17093,27987,625,0,257,37.2,50480,332100,123055,123055,3561,30913,48,27684
2015,"Garland city, Texas",16000US4829000,236836,78950,35901,90989,24104,396,64,208,34.5,75582,128700,55725,55725,32640,62975,48,29000
2015,"Grand Prairie city, Texas",16000US4830464,187755,37224,51227,85543,10473,404,99,165,33.1,58919,136100,60838,60838,25481,44888,48,30464
2015,"Harlingen city, Texas",16000US4832372,65769,,,51727,,,,,30.1,21447,86400,35810,35810,20351,10391,48,32372
2015,"Houston city, Texas",16000US4835000,2298628,571986,505472,1028148,157897,1463,746,6208,32.6,849974,152200,48064,48064,480534,696210,48,35000
2015,"Irving city, Texas",16000US4837000,236617,57005,27079,97862,46376,258,1000,1985,32.3,84684,146800,56846,56846,34031,86756,48,37000
2015,"Killeen city, Texas",16000US4839148,140809,46572,45639,32600,5027,337,2139,173,29.2,51766,117300,44716,44716,20327,15769,48,39148
2015,"Laredo city, Texas",16000US4841464,255789,,,243190,,,,,28.8,69026,118900,40660,40660,77498,68427,48,41464
2015,"League City city, Texas",16000US4841980,98350,,,14868,,,,,35.9,35997,219200,111819,111819,7105,8361,48,41980
2015,"Lewisville city, Texas",16000US4842508,104808,,,31757,,,,,31.6,37593,157800,56254,56254,10652,24865,48,42508
2015,"Longview city, Texas",16000US4843888,81590,,,17614,,,,,36.8,30457,129900,44969,44969,13886,8782,48,43888
2015,"Lubbock city, Texas",16000US4845000,249051,128130,17264,90706,6352,825,40,218,29.2,91196,126900,45551,45551,53360,14226,48,45000
2015,"McAllen city, Texas",16000US4845384,140253,,,113829,,,,,32.3,43578,118700,45186,45186,33061,37691,48,45384
2015,"McKinney city, Texas",16000US4845744,162887,99666,15627,31705,11700,796,87,683,35.6,55575,254000,83317,83317,8832,25760,48,45744
2015,"Mesquite city, Texas",16000US4847892,145124,46953,34734,56753,3654,835,0,97,34.6,48835,118200,47518,47518,23221,26755,48,47892
2015,"Midland city, Texas",16000US4848072,132950,61076,8914,58677,2455,211,58,7,32.1,47237,199500,80700,80700,9290,17061,48,48072
2015,"Mission city, Texas",16000US4848768,83307,,,73367,,,,,32.9,23669,100800,47205,47205,19248,22608,48,48768
2015,"Missouri City city, Texas",16000US4848804,71778,,,10007,,,,,37.2,,178400,92696,92696,3004,18556,48,48804
2015,"New Braunfels city, Texas",16000US4850820,69923,,,22522,,,,,37,24211,184200,61330,61330,6680,5405,48,50820
2015,"North Richland Hills city, Texas",16000US4852356,69205,,,10195,,,,,39.9,26068,163300,61498,61498,6070,7854,48,52356
2015,"Odessa city, Texas",16000US4853388,118980,,,63586,,,,,31.2,40198,138500,66585,66585,12662,15845,48,53388
2015,"Pasadena city, Texas",16000US4856000,153786,39779,5034,105871,1512,614,54,0,31.5,51820,111200,50236,50236,24382,38072,48,56000
2015,"Pearland city, Texas",16000US4856348,111665,,,26460,,,,,33.9,37073,207800,97209,97209,2988,16882,48,56348
2015,"Pharr city, Texas",16000US4857200,76535,,,72995,,,,,26.9,20839,66800,33269,33269,23860,25532,48,57200
2015,"Plano city, Texas",16000US4858016,283619,153476,21613,42959,57170,1551,407,561,38.1,106610,261800,83769,83769,24459,74030,48,58016
2015,"Richardson city, Texas",16000US4861796,110827,,,15762,,,,,35.5,38816,226000,80398,80398,10430,29579,48,61796
2015,"Round Rock city, Texas",16000US4863500,115839,56028,10493,37151,8225,293,0,338,34.9,36819,205100,75974,75974,9842,18237,48,63500
2015,"San Angelo city, Texas",16000US4864472,100413,50366,4867,42494,1510,235,242,358,32.8,37817,124700,46353,46353,16517,7859,48,64472
2015,"San Antonio city, Texas",16000US4865000,1469824,364707,98876,937607,41988,1986,1408,1957,33.1,494344,126600,48869,48869,257770,208046,48,65000
2015,"Sugar Land city, Texas",16000US4870808,88129,,,7835,,,,,42.1,29712,288700,111124,111124,3974,31169,48,70808
2015,"Temple city, Texas",16000US4872176,72297,34099,13291,21372,1164,55,0,0,33.6,27319,133900,44749,44749,17437,3968,48,72176
2015,"The Woodlands CDP, Texas",16000US4872656,119144,,,19574,,,,,38.8,40446,347100,111327,111327,6169,21188,48,72656
2015,"Tyler city, Texas",16000US4874144,103705,53589,24848,21536,2175,525,5,174,33.9,38326,151300,43222,43222,21303,8225,48,74144
2015,"Victoria city, Texas",16000US4875428,67581,,,34409,,,,,35.8,24575,131600,53779,53779,9039,4480,48,75428
2015,"Waco city, Texas",16000US4876000,132342,58758,27652,40585,3349,156,0,36,29.3,48448,114100,36792,36792,33121,14235,48,76000
2015,"Wichita Falls city, Texas",16000US4879000,104709,63129,11956,23061,3263,740,0,133,34,37173,102700,44448,44448,18579,9855,48,79000
2015,"Layton city, Utah",16000US4943660,74142,,,10123,,,,,29.5,22883,220000,73242,73242,7150,4268,49,43660
2015,"Ogden city, Utah",16000US4955980,85450,52867,1081,28275,1230,254,111,0,31.3,30954,134900,42460,42460,18458,12791,49,55980
2015,"Orem city, Utah",16000US4957300,94457,,,18342,,,,,26.1,27922,229000,55581,55581,13983,12808,49,57300
2015,"Provo city, Utah",16000US4962470,115258,90262,410,16668,1837,535,1166,207,23.6,31821,227600,46388,46388,27812,10925,49,62470
2015,"St. George city, Utah",16000US4965330,80207,,,10829,,,,,37.3,28196,229400,55094,55094,12002,4824,49,65330
2015,"Salt Lake City city, Utah",16000US4967000,192660,129452,4263,40559,10284,969,2708,137,32.1,79031,262400,48761,48761,36098,32166,49,67000
2015,"Sandy city, Utah",16000US4967440,93612,,,6832,,,,,34.6,28926,315800,81581,81581,6071,6691,49,67440
2015,"South Jordan city, Utah",16000US4970850,66639,,,4672,,,,,33.8,,354000,99681,99681,,6142,49,70850
2015,"West Jordan city, Utah",16000US4982950,111942,,,21315,,,,,30.8,32234,239500,68928,68928,9706,11492,49,82950
2015,"West Valley City city, Utah",16000US4983470,136224,68902,2628,44080,8716,3142,5863,0,30.7,35654,178400,57111,57111,19804,30712,49,83470
2015,"Alexandria city, Virginia",16000US5101000,153511,79782,30984,25573,9874,0,0,272,36.6,69008,541700,90056,90056,13916,44030,51,01000
2015,"Arlington CDP, Virginia",16000US5103000,229164,141340,19676,35911,24120,160,202,1807,34.4,103408,655000,106768,106768,15995,55205,51,03000
2015,"Centreville CDP, Virginia",16000US5114440,71782,,,9613,,,,,36,24169,429900,104056,104056,3953,27797,51,14440
2015,"Chesapeake city, Virginia",16000US5116000,235429,137191,69072,12959,8085,506,254,665,36.7,83593,259200,67491,67491,22550,13966,51,16000
2015,"Dale City CDP, Virginia",16000US5121088,71399,,,23868,,,,,33.4,19570,289100,82994,82994,8787,22306,51,21088
2015,"Hampton city, Virginia",16000US5135000,136454,,,7513,,,,,35.5,53132,183700,51867,51867,19792,6204,51,35000
2015,"Lynchburg city, Virginia",16000US5147672,79812,,,2689,,,,,28.7,27864,156100,39374,39374,17160,4364,51,47672
2015,"Newport News city, Virginia",16000US5156000,182385,81371,70751,15780,6405,346,308,1017,32.8,70546,196400,48630,48630,28895,12589,51,56000
2015,"Norfolk city, Virginia",16000US5157000,246393,108400,101262,18760,9100,1251,159,143,30.2,87819,204800,45996,45996,45136,16702,51,57000
2015,"Portsmouth city, Virginia",16000US5164000,96201,37478,50038,3896,530,471,0,367,33.6,36654,162300,49242,49242,16687,1815,51,64000
2015,"Richmond city, Virginia",16000US5167000,220289,89123,104138,14259,4866,93,112,589,33.6,91396,199900,39906,39906,51466,15741,51,67000
2015,"Roanoke city, Virginia",16000US5168000,99897,,,6091,,,,,36.9,41501,134100,39835,39835,21757,7346,51,68000
2015,"Suffolk city, Virginia",16000US5176432,88161,,,3539,,,,,38.2,32232,234200,61203,61203,12205,2829,51,76432
2015,"Virginia Beach city, Virginia",16000US5182000,452745,281686,85867,36309,28358,1024,252,473,35.4,169097,262900,67281,67281,34702,38360,51,82000
2015,"Auburn city, Washington",16000US5303180,76580,,,10836,,,,,37.1,27829,275200,70602,70602,6984,14842,53,03180
2015,"Bellevue city, Washington",16000US5305210,139814,69902,3062,12215,47703,348,270,213,37.4,56937,645300,98804,98804,9854,54654,53,05210
2015,"Bellingham city, Washington",16000US5305280,85143,66345,934,6966,5927,1383,296,94,30.7,32933,297900,49245,49245,16581,8713,53,05280
2015,"Everett city, Washington",16000US5322640,108012,71216,3809,15889,8039,978,1987,65,37,44510,263200,51755,51755,15766,19499,53,22640
2015,"Federal Way city, Washington",16000US5323515,95188,45879,12783,14049,12616,333,3490,93,36.4,35244,274700,62174,62174,11797,18565,53,23515
2015,"Kennewick city, Washington",16000US5335275,78903,,,19395,,,,,32,27849,181900,52202,52202,14319,8376,53,35275
2015,"Kent city, Washington",16000US5335415,126962,56696,15953,21928,23651,1229,1461,198,33.4,40844,282300,66790,66790,16140,38175,53,35415
2015,"Kirkland city, Washington",16000US5335940,87267,,,6720,,,,,40.8,37497,529200,102420,102420,5429,18570,53,35940
2015,"Marysville city, Washington",16000US5343955,66773,,,7142,,,,,33.2,23790,251300,75120,75120,6320,7721,53,43955
2015,"Pasco city, Washington",16000US5353545,68097,,,38883,,,,,28.6,19606,173500,60054,60054,10251,16265,53,53545
2015,"Renton city, Washington",16000US5357745,100247,48741,9371,15392,19417,312,1133,454,36.3,38732,328800,68656,68656,11254,28962,53,57745
2015,"Seattle city, Washington",16000US5363000,684443,451557,49165,43060,96119,4008,1098,1755,35.5,311038,530900,80349,80349,79728,119840,53,63000
2015,"Spokane city, Washington",16000US5367000,213267,174061,4564,13365,5463,3082,1810,195,36.6,87867,164700,44350,44350,38013,13253,53,67000
2015,"Spokane Valley city, Washington",16000US5367167,94908,,,5110,,,,,36,39322,171500,43296,43296,16401,4199,53,67167
2015,"Tacoma city, Washington",16000US5370000,207950,122843,22032,25764,20997,903,1767,268,37.7,81647,218900,52437,52437,33083,31863,53,70000
2015,"Vancouver city, Washington",16000US5374060,172853,127150,3525,23184,7864,1149,1202,40,37.2,68513,227700,51988,51988,21941,21748,53,74060
2015,"Yakima city, Washington",16000US5380010,93700,45043,717,44172,1202,1079,0,0,34,33290,158200,44050,44050,20024,15717,53,80010
2015,"Appleton city, Wisconsin",16000US5502375,75255,,,5139,,,,,35.6,29201,137700,49405,49405,9581,4454,55,02375
2015,"Eau Claire city, Wisconsin",16000US5522300,67433,,,1488,,,,,32,26475,138600,48631,48631,10532,2833,55,22300
2015,"Green Bay city, Wisconsin",16000US5531000,105221,,,16786,,,,,32.9,42864,125400,41811,41811,18143,9813,55,31000
2015,"Kenosha city, Wisconsin",16000US5539225,99856,,,18772,,,,,36.3,37852,141100,48235,48235,16220,7443,55,39225
2015,"Madison city, Wisconsin",16000US5548000,248956,184152,16563,19697,20392,809,83,67,30.7,105922,222800,57690,57690,41270,30090,55,48000
2015,"Milwaukee city, Wisconsin",16000US5553000,600154,216755,231304,110335,22497,2509,79,761,31.6,232104,114000,37495,37495,156573,58321,55,53000
2015,"Oshkosh city, Wisconsin",16000US5560500,66557,,,1972,,,,,33,25719,122900,44689,44689,10258,2348,55,60500
2015,"Racine city, Wisconsin",16000US5566000,77737,39106,17128,18215,690,43,0,206,33.7,29796,98900,42472,42472,16448,4403,55,66000
2015,"Waukesha city, Wisconsin",16000US5584250,71976,,,9713,,,,,35.8,29349,197900,60734,60734,6327,4982,55,84250
2015,"Bayamn zona urbana, Puerto Rico",16000US7206593,170259,,,169155,,,,,39.4,63857,140500,25352,25352,,,72,06593
2015,"Caguas zona urbana, Puerto Rico",16000US7210334,77008,,,76349,,,,,40.4,29813,125300,21204,21204,,,72,10334
2015,"Carolina zona urbana, Puerto Rico",16000US7214290,142066,,,139967,,,,,42,56613,149500,27062,27062,,,72,14290
2015,"Guaynabo zona urbana, Puerto Rico",16000US7232522,70492,,,69936,,,,,42.2,26494,221400,46104,46104,,,72,32522
2015,"Mayagez zona urbana, Puerto Rico",16000US7252431,66581,,,65521,,,,,38.1,25907,103400,12734,12734,,,72,52431
2015,"Ponce zona urbana, Puerto Rico",16000US7263820,121583,,,120705,,,,,40.5,43063,96900,15751,15751,,,72,63820
2015,"San Juan zona urbana, Puerto Rico",16000US7276770,342237,4148,742,335559,1216,0,0,572,41.4,138436,160200,18887,18887,,,72,76770
